UNID,NoteID,ParentUNID,Created,Modified,LastUpdatedBy,Attachments,CaseNumber,Stage,Source,AuthFileName,AuthFileLine,AuthorizationDate,EnteredDate,EnteredBy,Priority,ServiceNumber,VeteranLastName,VeteranFirstName,VeteranMI,VeteranRank,Branch,ServiceFrom,ServiceTo,Era,Deceased,RequesterKey,RequesterName,Relationship,AssignedCSR,LineCount,EngravingRequired,EngravingDate,EngravingJobNumber,AssemblyDate,QCResult,WarehouseDate,PickBin,ShippedDate,TrackingNumber,ClosedDate,DaysOpen,AgingFlag,HoldReason,StageBeforeHold,ShipToName,ShipToStreet,ShipToCity,ShipToState,ShipToZIP,Remarks,StatusHistory,DocReaders,DocAuthors,LookupKey,DaysInStage,LastModifiedBy,LastModifiedDate,AgingLastEval
33EA82D2E5D8360F35B1C7F4D1ABF1E2,NT000091,,05/24/2015 08:38:38,06/25/2015 21:38:38,CN=Lorraine Whitcombe/OU=CHPSID/O=TACOM,,VMA-2015-000001,Closed,NPRC,nprc_awd_20150511_3.dat,60,04/28/2015,05/24/2015,CN=HRC-Transfer/OU=Agents/O=TACOM,Routine,***-**-2321,Sandoval,Theresa,,COL,Army Reserve,01/08/1975,01/07/1977,Cold War,Yes,RQ000010,Patricia Sandoval,Spouse,CN=Oswaldo Ferreira-Lund/OU=CHPSID/O=TACOM,2,No,,,06/07/2015 14:38:38,Pass,06/10/2015 18:38:38,C6-2,06/12/2015 21:38:38,9405 5432 8216 6689 7813 69,06/25/2015 21:38:38,32,,,,Patricia Sandoval,8656 Eisenhower Blvd,Fayetteville,NC,28301,,05/24/2015 08:38 | (new) -> Authorized | HRC-Transfer;06/07/2015 14:38 | Authorized -> Assembly/QC | Cletus Marchbanks;06/10/2015 18:38 | Assembly/QC -> Warehouse | Cletus Marchbanks;06/12/2015 21:38 | Warehouse -> Shipped | Yolanda Strickland-Oby;06/25/2015 21:38 | Shipped -> Closed | Ignatius Pardo,[TACOM];[CSR];[Admin];[ReadOnlyAudit];LocalDomainServers;CN=Oswaldo Ferreira-Lund/OU=CHPSID/O=TACOM,[TACOM];[CSR];[Admin],SANDOVAL|THERESA|28301,0,CN=Lorraine Whitcombe/OU=CHPSID/O=TACOM,06/25/2015 21:38:38,
05359F78F61E51B282DB016F23F88162,NT000092,,08/28/2012 16:52:06,09/29/2012 06:52:06,CN=Yolanda Strickland-Oby/OU=CHPSID/O=TACOM,,VMA-2012-000001,Closed,NPRC,nprc_awd_20120810_8.dat,24,08/08/2012,08/28/2012,CN=HRC-Transfer/OU=Agents/O=TACOM,Routine,***-**-7931,Sandoval,Harold,K,MSG,Army Air Forces,18 NOV 41,11/17/1946,World War II,No,RQ000010,Patricia Sandoval,Spouse,CN=Benedetta Kowalczyk/OU=CHPSID/O=TACOM,3,No,,,09/12/2012 04:52:06,Pass,09/13/2012 05:52:06,A15-5,09/15/2012 06:52:06,9405 5703 5834 4295 7913 47,09/29/2012 06:52:06,31,,,,Patricia Sandoval,8656 Eisenhower Blvd,Fayetteville,NC,28301,,08/28/2012 16:52 | (new) -> Authorized | HRC-Transfer;09/12/2012 04:52 | Authorized -> Assembly/QC | Benedetta Kowalczyk;09/13/2012 05:52 | Assembly/QC -> Warehouse | Cletus Marchbanks;09/15/2012 06:52 | Warehouse -> Shipped | Oswaldo Ferreira-Lund;09/29/2012 06:52 | Shipped -> Closed | Oswaldo Ferreira-Lund,[TACOM];[CSR];[Admin];[ReadOnlyAudit];LocalDomainServers;CN=Benedetta Kowalczyk/OU=CHPSID/O=TACOM,[TACOM];[CSR];[Admin],SANDOVAL|HAROLD|28301,0,CN=Cletus Marchbanks/OU=CHPSID/O=TACOM,09/29/2012 06:52:06,
F635D98F8A39C668F07A1B1CE86A9375,NT000093,,10/25/2024 10:29:03,11/21/2024 21:29:03,CN=Oswaldo Ferreira-Lund/OU=CHPSID/O=TACOM,DD214_redacted.pdf,VMA-2024-000001,Closed,NPRC,nprc_awd_20240926_1.txt,151,09/18/2024,10/25/2024,CN=HRC-Transfer/OU=Agents/O=TACOM,Expedite,***-**-1629,Abernathy,Margaret,F,PV2,Army of the United States,10/08/1950,10/06/1956,Korean War,Yes,RQ000045,Marcus Abernathy,Executor,CN=Ignatius Pardo/OU=CHPSID/O=TACOM,3,Yes,11/03/2024 12:29:03,ENG-2024-00001,11/10/2024 14:29:03,Pass,11/12/2024 18:29:03,C22-1,11/13/2024 21:29:03,9405 5419 4313 9380 0676 31,11/21/2024 21:29:03,27,,,,Marcus Abernathy,1718 Marshall Ct,Savannah,GA,31405,Replacement set - original lost in house fire,"10/25/2024 10:29 | (new) -> Authorized | HRC-Transfer
11/03/2024 12:29 | Authorized -> Engraving | Lorraine Whitcombe
11/10/2024 14:29 | Engraving -> Assembly/QC | Ignatius Pardo
11/12/2024 18:29 | Assembly/QC -> Warehouse | Dwayne Petrakis
11/13/2024 21:29 | Warehouse -> Shipped | Ret Hamlin
11/21/2024 21:29 | Shipped -> Closed | Oswaldo Ferreira-Lund",[TACOM];[CSR];[Admin];[ReadOnlyAudit];LocalDomainServers;CN=Ignatius Pardo/OU=CHPSID/O=TACOM,[TACOM];[CSR];[Admin],ABERNATHY|MARGARET|31405,0,CN=Renata Vasquez-Holm/OU=CHPSID/O=TACOM,11/21/2024 21:29:03,
CABB05E64E121462CA545210F59D21CE,NT000094,,11/19/2017 13:48:10,12/11/2017 05:48:10,CN=Renata Vasquez-Holm/OU=CHPSID/O=TACOM,,VMA-2017-000001,Closed,NPRC,nprc_awd_20171025_1.dat,4,10/23/2017,11/19/2017,CN=HRC-Transfer/OU=Agents/O=TACOM,Routine,***-**-2624,Mabry,Margaret,,1LT,Army Reserve,04/26/1965,26 APR 67,Vietnam,Yes,RQ000019,Clarence Mabry,Spouse,CN=Ignatius Pardo/OU=CHPSID/O=TACOM,3,No,,,11/28/2017 19:48:10,Pass,11/29/2017 23:48:10,G16-3,12/04/2017 05:48:10,9405 5713 0584 3216 7170 66,12/11/2017 05:48:10,21,,,,Clarence Mabry,1090 Liberty Ln,Manchester,NH,03104,,11/19/2017 13:48 | (new) -> Authorized | HRC-Transfer;11/28/2017 19:48 | Authorized -> Assembly/QC | Cletus Marchbanks;11/29/2017 23:48 | Assembly/QC -> Warehouse | Renata Vasquez-Holm;12/04/2017 05:48 | Warehouse -> Shipped | Lorraine Whitcombe;12/11/2017 05:48 | Shipped -> Closed | Ignatius Pardo,[TACOM];[CSR];[Admin];[ReadOnlyAudit];LocalDomainServers;CN=Ignatius Pardo/OU=CHPSID/O=TACOM,[TACOM];[CSR];[Admin],MABRY|MARGARET|03104,0,CN=Ret Hamlin/OU=CHPSID/O=TACOM,12/11/2017 05:48:10,
B24B09DC71E32BFB562F44957CF41779,NT000095,,06/15/2023 15:18:03,07/20/2023 05:18:03,CN=Dwayne Petrakis/OU=CHPSID/O=TACOM,,VMA-2023-000001,Closed,NPRC,nprc_awd_20230611_5.dat,80,2023-05-19,06/15/2023,CN=HRC-Transfer/OU=Agents/O=TACOM,Expedite,***-**-4853,Wentworth,Emmett,A,1SG,Regular Army,10/17/1950,10/16/1955,Korean War,No,RQ000027,Wanda Wentworth,Son,CN=Renata Vasquez-Holm/OU=CHPSID/O=TACOM,2,No,,,07/01/2023 22:18:03,Pass,07/03/2023 01:18:03,D14-4,07/06/2023 05:18:03,9405 5441 0953 1640 9562 64,07/20/2023 05:18:03,34,,,,Wanda Wentworth,3693 Eisenhower Blvd,El Paso,TX,79916,"Requester called 07/04/2023: ""Where is my father's Korean Service Medal?""
Advised 60-day service target, case currently Closed.
Per CSR: ""will call back Monday"", see CaseNote.",06/15/2023 15:18 | (new) -> Authorized | HRC-Transfer;07/01/2023 22:18 | Authorized -> Assembly/QC | Renata Vasquez-Holm;07/03/2023 01:18 | Assembly/QC -> Warehouse | Cletus Marchbanks;07/06/2023 05:18 | Warehouse -> Shipped | Cletus Marchbanks;07/20/2023 05:18 | Shipped -> Closed | Dwayne Petrakis,[TACOM];[CSR];[Admin];[ReadOnlyAudit];LocalDomainServers;CN=Renata Vasquez-Holm/OU=CHPSID/O=TACOM,[TACOM];[CSR];[Admin],WENTWORTH|EMMETT|79916,0,CN=Renata Vasquez-Holm/OU=CHPSID/O=TACOM,07/20/2023 05:18:03,
9D2A3D3C44B4010B11DFE0E8E8A0C270,NT000096,,06/13/2024 16:48:04,07/12/2024 08:48:04,CN=Yolanda Strickland-Oby/OU=CHPSID/O=TACOM,,VMA-2024-000002,Closed,NPRC,nprc_awd_20240524_5.dat,232,05/02/2024,06/13/2024,CN=HRC-Transfer/OU=Agents/O=TACOM,Routine,***-**-9528,Prentiss,Vernon,,CW2,Regular Army,06/15/1950,06/14/1954,Korean War,No,RQ000039,Tyler Prentiss,Widow,CN=Cletus Marchbanks/OU=CHPSID/O=TACOM,2,Yes,06/15/2024 22:48:04,ENG-2024-00002,06/26/2024 01:48:04,Pass,07/01/2024 03:48:04,D8-3,07/05/2024 08:48:04,9405 5799 8076 4765 7603 49,,28,,,,Tyler Prentiss,8226 Sheridan Rd,Manchester,NH,03104,,06/13/2024 16:48 | (new) -> Authorized | HRC-Transfer;06/15/2024 22:48 | Authorized -> Engraving | Ignatius Pardo;06/26/2024 01:48 | Engraving -> Assembly/QC | Lorraine Whitcombe;07/01/2024 03:48 | Assembly/QC -> Warehouse | Ignatius Pardo;07/05/2024 08:48 | Warehouse -> Shipped | Cletus Marchbanks;07/12/2024 08:48 | Shipped -> Closed | Lorraine Whitcombe,[TACOM];[CSR];[Admin];[ReadOnlyAudit];LocalDomainServers;CN=Cletus Marchbanks/OU=CHPSID/O=TACOM,[TACOM];[CSR];[Admin],PRENTISS|VERNON|03104,0,CN=Yolanda Strickland-Oby/OU=CHPSID/O=TACOM,07/12/2024 08:48:04,
802B06156ABB0AC978A440680B22F0D8,NT000097,,01/12/2006 17:30:07,02/03/2006 10:30:07,CN=Cletus Marchbanks/OU=CHPSID/O=TACOM,,VMA-2006-000001,Closed,NPRC,nprc_awd_20051226_1.dat,96,20051222,01/12/2006,CN=HRC-Transfer/OU=Agents/O=TACOM,Routine,***-**-5897,Kettering,Yvonne,W,CW3,Army Reserve,10/26/1990,10/25/1995,Gulf War,No,RQ000022,Alvin Kettering,Granddaughter,CN=Yolanda Strickland-Oby/OU=CHPSID/O=TACOM,4,No,,,01/26/2006 02:30:07,Pass,01/27/2006 08:30:07,E4-2,01/28/2006 10:30:07,9405 5441 5742 9319 7363 62,02/03/2006 10:30:07,21,,,,Alvin Kettering,2663 Bradley Ave,Savannah,GA,31405,,01/12/2006 17:30 | (new) -> Authorized | HRC-Transfer;01/26/2006 02:30 | Authorized -> Assembly/QC | Dwayne Petrakis;01/27/2006 08:30 | Assembly/QC -> Warehouse | Oswaldo Ferreira-Lund;01/28/2006 10:30 | Warehouse -> Shipped | Oswaldo Ferreira-Lund;02/03/2006 10:30 | Shipped -> Closed | Lorraine Whitcombe,[TACOM];[CSR];[Admin];[ReadOnlyAudit];LocalDomainServers;CN=Yolanda Strickland-Oby/OU=CHPSID/O=TACOM,[TACOM];[CSR];[Admin],KETTERING|YVONNE|31405,0,CN=Benedetta Kowalczyk/OU=CHPSID/O=TACOM,02/03/2006 10:30:07,
B7A906E930151A5A371E332E1FAE0BE6,NT000098,,07/09/2013 14:34:22,08/08/2013 08:34:22,CN=Oswaldo Ferreira-Lund/OU=CHPSID/O=TACOM,,VMA-2013-000001,Closed,NPRC,nprc_awd_20130611_7.dat,172,05/31/2013,07/09/2013,CN=HRC-Transfer/OU=Agents/O=TACOM,Routine,***-**-2496,Kirkbride,Rosalind,L,CSM,Regular Army,10/03/1950,10/02/1954,Korean War,No,RQ000018,Rosalind Kirkbride,Self,CN=Ignatius Pardo/OU=CHPSID/O=TACOM,2,No,,,07/26/2013 23:34:22,Pass,07/28/2013 04:34:22,G10-3,08/01/2013 08:34:22,9405 5118 2031 1957 7399 56,08/08/2013 08:34:22,29,,,,Rosalind Kirkbride,4720 Cantonment Way Apt 26C,Colorado Springs,CO,80913,,07/09/2013 14:34 | (new) -> Authorized | HRC-Transfer;07/26/2013 23:34 | Authorized -> Assembly/QC | Ret Hamlin;07/28/2013 04:34 | Assembly/QC -> Warehouse | Lorraine Whitcombe;08/01/2013 08:34 | Warehouse -> Shipped | Renata Vasquez-Holm;08/08/2013 08:34 | Shipped -> Closed | Benedetta Kowalczyk,[TACOM];[CSR];[Admin];[ReadOnlyAudit];LocalDomainServers;CN=Ignatius Pardo/OU=CHPSID/O=TACOM,[TACOM];[CSR];[Admin],KIRKBRIDE|ROSALIND|80913,0,CN=Ret Hamlin/OU=CHPSID/O=TACOM,08/08/2013 08:34:22,
F374076ABBF2095247A2CE2FC9F30494,NT000099,,07/14/2020 13:41:34,08/17/2020 01:41:34,CN=Cletus Marchbanks/OU=CHPSID/O=TACOM,,VMA-2020-000001,Closed,HRC,HRC_AWD_20200624_2.txt,121,2020-06-20,07/14/2020,CN=HRC-Transfer/OU=Agents/O=TACOM,Routine,***-**-7281,Ybarra,Darnell,B,SPC,Army of the United States,07/03/1950,07/02/1954,Korean War,Yes,RQ000034,Lamont Ybarra,Nephew,CN=Benedetta Kowalczyk/OU=CHPSID/O=TACOM,2,No,,,07/30/2020 20:41:34,Pass,08/03/2020 00:41:34,A12-1,08/05/2020 01:41:34,9405 5668 3012 8268 7182 04,08/17/2020 01:41:34,33,,,,Lamont Ybarra,5922 Cantonment Way Apt 6C,Tacoma,WA,98433,,07/14/2020 13:41 | (new) -> Authorized | HRC-Transfer;07/30/2020 20:41 | Authorized -> Assembly/QC | Yolanda Strickland-Oby;08/03/2020 00:41 | Assembly/QC -> Warehouse | Oswaldo Ferreira-Lund;08/05/2020 01:41 | Warehouse -> Shipped | Yolanda Strickland-Oby;08/17/2020 01:41 | Shipped -> Closed | Yolanda Strickland-Oby,[TACOM];[CSR];[Admin];[ReadOnlyAudit];LocalDomainServers;CN=Benedetta Kowalczyk/OU=CHPSID/O=TACOM,[TACOM];[CSR];[Admin],YBARRA|DARNELL|98433,0,CN=Renata Vasquez-Holm/OU=CHPSID/O=TACOM,08/17/2020 01:41:34,
10BCE6FDA12923CE90A46FEEB121A727,NT000100,,04/02/2004 09:00:45,04/28/2004 01:00:45,CN=Renata Vasquez-Holm/OU=CHPSID/O=TACOM,,VMA-2004-000001,Closed,NPRC,nprc_awd_20040312_8.txt,28,20040312,04/02/2004,CN=HRC-Transfer/OU=Agents/O=TACOM,Routine,***-**-1651,Delgadillo,Cassandra,,SGM,Army of the United States,01/07/1965,01/06/1971,Vietnam,Yes,RQ000040,Alvin Delgadillo,Grandson,CN=Yolanda Strickland-Oby/OU=CHPSID/O=TACOM,2,Yes,04/04/2004 13:00:45,ENG-2004-00001,04/16/2004 18:00:45,Pass,04/20/2004 00:00:45,C7-3,04/22/2004 01:00:45,9405 5941 0013 0936 1143 63,04/28/2004 01:00:45,25,,,,Alvin Delgadillo,1924 Bradley Ave,Colorado Springs,CO,80913,Verify spelling against DD 214 before engraving,"04/02/2004 09:00 | (new) -> Authorized | HRC-Transfer
04/04/2004 13:00 | Authorized -> Engraving | Lorraine Whitcombe
04/16/2004 18:00 | Engraving -> Assembly/QC | Dwayne Petrakis
04/20/2004 00:00 | Assembly/QC -> Warehouse | Lorraine Whitcombe
04/22/2004 01:00 | Warehouse -> Shipped | Renata Vasquez-Holm
04/28/2004 01:00 | Shipped -> Closed | Ret Hamlin",[TACOM];[CSR];[Admin];[ReadOnlyAudit];LocalDomainServers;CN=Yolanda Strickland-Oby/OU=CHPSID/O=TACOM,[TACOM];[CSR];[Admin],DELGADILLO|CASSANDRA|80913,0,CN=Ret Hamlin/OU=CHPSID/O=TACOM,04/28/2004 01:00:45,
8D5DE56037F99AD11DD989D7665BC839,NT000101,,09/29/2006 16:35:34,10/19/2006 09:35:34,CN=Lorraine Whitcombe/OU=CHPSID/O=TACOM,,VMA-2006-000002,Closed,Congressional,,,20060830,09/29/2006,CN=Cletus Marchbanks/OU=CHPSID/O=TACOM,Routine,***-**-7374,Rasmussen,Roderick,R,CW2,Regular Army,01/16/1990,01/16/1992,Gulf War,Yes,RQ000016,Walter Rasmussen,Son,CN=Cletus Marchbanks/OU=CHPSID/O=TACOM,3,Yes,10/01/2006 17:35:34,ENG-2006-00001,10/04/2006 22:35:34,Pass,10/10/2006 04:35:34,D4-4,10/11/2006 09:35:34,9405 5906 5850 6876 2303 68,10/19/2006 09:35:34,19,,,,Walter Rasmussen,4760 Bradley Ave,Warren,MI,48397,,09/29/2006 16:35 | (new) -> Authorized | Lorraine Whitcombe;10/01/2006 17:35 | Authorized -> Engraving | Yolanda Strickland-Oby;10/04/2006 22:35 | Engraving -> Assembly/QC | Cletus Marchbanks;10/10/2006 04:35 | Assembly/QC -> Warehouse | Benedetta Kowalczyk;10/11/2006 09:35 | Warehouse -> Shipped | Benedetta Kowalczyk;10/19/2006 09:35 | Shipped -> Closed | Cletus Marchbanks,[TACOM];[CSR];[Admin];[ReadOnlyAudit];LocalDomainServers;CN=Cletus Marchbanks/OU=CHPSID/O=TACOM,[TACOM];[CSR];[Admin],RASMUSSEN|RODERICK|48397,0,CN=Yolanda Strickland-Oby/OU=CHPSID/O=TACOM,10/19/2006 09:35:34,
5B23CF43DB73E276C34DC4790446870A,NT000102,,08/17/2017 10:58:39,09/19/2017 22:58:39,CN=Renata Vasquez-Holm/OU=CHPSID/O=TACOM,,VMA-2017-000002,Closed,HRC,HRC_AWD_20170723_2.dat,78,08/12/2017,08/17/2017,CN=HRC-Transfer/OU=Agents/O=TACOM,Routine,***-**-6129,Nakashima,Tyler,D,PVT,Army National Guard,09/21/1975,09/20/1977,Cold War,Yes,RQ000031,Roderick Nakashima,Son,CN=Lorraine Whitcombe/OU=CHPSID/O=TACOM,1,No,,,09/02/2017 16:58:39,Pass,09/04/2017 21:58:39,F24-5,09/05/2017 22:58:39,9405 5204 7448 3039 9747 40,09/19/2017 22:58:39,33,,,,Roderick Nakashima,2710 Marshall Ct,Savannah,GA,31405,Congressional interest - Rep. staffer follow-up,08/17/2017 10:58 | (new) -> Authorized | HRC-Transfer;09/02/2017 16:58 | Authorized -> Assembly/QC | Dwayne Petrakis;09/04/2017 21:58 | Assembly/QC -> Warehouse | Ret Hamlin;09/05/2017 22:58 | Warehouse -> Shipped | Renata Vasquez-Holm;09/19/2017 22:58 | Shipped -> Closed | Ret Hamlin,[TACOM];[CSR];[Admin];[ReadOnlyAudit];LocalDomainServers;CN=Lorraine Whitcombe/OU=CHPSID/O=TACOM,[TACOM];[CSR];[Admin],NAKASHIMA|TYLER|31405,0,CN=Ret Hamlin/OU=CHPSID/O=TACOM,09/19/2017 22:58:39,
730BAD5CF1AFA65F013ACD1FE6F706A1,NT000103,,09/28/2011 10:02:56,10/22/2011 23:02:56,CN=Dwayne Petrakis/OU=CHPSID/O=TACOM,,VMA-2011-000001,Closed,HRC,HRC_AWD_20110912_9.dat,176,2011-09-25,09/28/2011,CN=HRC-Transfer/OU=Agents/O=TACOM,Routine,***-**-9541,Abernathy,Raymond,K,PVT,Army Reserve,06 MAR 02,03/05/2006,Global War on Terrorism,Yes,RQ000004,Marcus Abernathy,Executor,CN=Dwayne Petrakis/OU=CHPSID/O=TACOM,1,Yes,10/02/2011 13:02:56,,10/05/2011 19:02:56,Pass,10/10/2011 21:02:56,C18-4,10/11/2011 23:02:56,9405 5348 1518 3348 2822 45,10/22/2011 23:02:56,24,,,,Marcus Abernathy,8595 Bradley Ave,Colorado Springs,CO,80913,"Requester called 10/09/2011: ""Where is my father's Global War on Terrorism Service Medal?""
Advised 60-day service target, case currently Closed.
Per CSR: ""will call back Monday"", see CaseNote.",09/28/2011 10:02 | (new) -> Authorized | HRC-Transfer;10/02/2011 13:02 | Authorized -> Engraving | Ignatius Pardo;10/05/2011 19:02 | Engraving -> Assembly/QC | Oswaldo Ferreira-Lund;10/10/2011 21:02 | Assembly/QC -> Warehouse | Cletus Marchbanks;10/11/2011 23:02 | Warehouse -> Shipped | Dwayne Petrakis;10/22/2011 23:02 | Shipped -> Closed | Ignatius Pardo,[TACOM];[CSR];[Admin];[ReadOnlyAudit];LocalDomainServers;CN=Dwayne Petrakis/OU=CHPSID/O=TACOM,[TACOM];[CSR];[Admin],ABERNATHY|RAYMOND|80913,0,CN=Oswaldo Ferreira-Lund/OU=CHPSID/O=TACOM,10/22/2011 23:02:56,
966F14FE7ED92ABEC36C9A97ABE43ED5,NT000104,,07/18/2024 16:03:49,08/19/2024 00:03:49,CN=Lorraine Whitcombe/OU=CHPSID/O=TACOM,,VMA-2024-000003,Closed,HRC,HRC_AWD_20240712_9.dat,198,2024-06-24,07/18/2024,CN=HRC-Transfer/OU=Agents/O=TACOM,Congressional,***-**-9943,Yarbrough,Lucille,A,WO1,Women's Army Corps,16 AUG 41,08/15/1947,World War II,Yes,RQ000012,Lucille Yarbrough,Nephew,CN=Benedetta Kowalczyk/OU=CHPSID/O=TACOM,1,No,,,07/30/2024 20:03:49,Pass,08/03/2024 23:03:49,E12-1,08/07/2024 00:03:49,9405 5145 7099 0535 2935 89,08/19/2024 00:03:49,31,,,,Lucille Yarbrough,9568 Bradley Ave,Fayetteville,NC,28301,,07/18/2024 16:03 | (new) -> Authorized | HRC-Transfer;07/30/2024 20:03 | Authorized -> Assembly/QC | Lorraine Whitcombe;08/03/2024 23:03 | Assembly/QC -> Warehouse | Ignatius Pardo;08/07/2024 00:03 | Warehouse -> Shipped | Cletus Marchbanks;08/19/2024 00:03 | Shipped -> Closed | Ret Hamlin,[TACOM];[CSR];[Admin];[ReadOnlyAudit];LocalDomainServers;CN=Benedetta Kowalczyk/OU=CHPSID/O=TACOM,[TACOM];[CSR];[Admin],YARBROUGH|LUCILLE|28301,0,CN=Ignatius Pardo/OU=CHPSID/O=TACOM,08/19/2024 00:03:49,
1C0FCE97BFC062ECE6AC115B330B7C39,NT000105,,09/23/2011 09:50:08,10/18/2011 03:50:08,CN=Cletus Marchbanks/OU=CHPSID/O=TACOM,,VMA-2011-000002,CLOSED,NPRC,nprc_awd_20110826_8.txt,87,03 SEP 11,09/23/2011,CN=HRC-Transfer/OU=Agents/O=TACOM,Congressional,***-**-1627,Pemberton,Walter,K,COL,Regular Army,01 NOV 02,10/31/2007,Global War on Terrorism,Yes,RQ000006,Jeffrey Pemberton,Sibling,CN=Dwayne Petrakis/OU=CHPSID/O=TACOM,3,No,,,10/02/2011 21:50:08,Pass,10/07/2011 22:50:08,E12-5,10/09/2011 03:50:08,9405 5261 3169 7171 0864 42,10/18/2011 03:50:08,24,,,,Jeffrey Pemberton,1388 Grant Ave,Fayetteville,NC,28301,,09/23/2011 09:50 | (new) -> Authorized | HRC-Transfer;10/02/2011 21:50 | Authorized -> Assembly/QC | Renata Vasquez-Holm;10/07/2011 22:50 | Assembly/QC -> Warehouse | Oswaldo Ferreira-Lund;10/09/2011 03:50 | Warehouse -> Shipped | Benedetta Kowalczyk;10/18/2011 03:50 | Shipped -> Closed | Dwayne Petrakis,[TACOM];[CSR];[Admin];[ReadOnlyAudit];LocalDomainServers;CN=Dwayne Petrakis/OU=CHPSID/O=TACOM,[TACOM];[CSR];[Admin],PEMBERTON|WALTER|28301,0,CN=Lorraine Whitcombe/OU=CHPSID/O=TACOM,10/18/2011 03:50:08,
263CAB1DC5DCB1BED666AE2683026E47,NT000106,,08/14/2021 16:57:55,09/13/2021 01:57:55,CN=Lorraine Whitcombe/OU=CHPSID/O=TACOM,,VMA-2021-000001,CLOSED,Manual Entry,,,08/06/2021,08/14/2021,CN=Dwayne Petrakis/OU=CHPSID/O=TACOM,Routine,***-**-7280,Northway,Bernice,,1LT,Army National Guard,06 APR 75,05 APR 77,Cold War,Yes,RQ000009,Charles Northway,Granddaughter,CN=Dwayne Petrakis/OU=CHPSID/O=TACOM,1,Yes,08/23/2021 17:57:55,,09/02/2021 18:57:55,Pass,09/07/2021 00:57:55,E20-2,09/08/2021 01:57:55,9405 5906 1887 0738 2037 56,09/13/2021 01:57:55,29,,,,Charles Northway,2477 Old Post Rd,Colorado Springs,CO,80913,,08/14/2021 16:57 | (new) -> Authorized | Lorraine Whitcombe;08/23/2021 17:57 | Authorized -> Engraving | Ret Hamlin;09/02/2021 18:57 | Engraving -> Assembly/QC | Dwayne Petrakis;09/07/2021 00:57 | Assembly/QC -> Warehouse | Ret Hamlin;09/08/2021 01:57 | Warehouse -> Shipped | Cletus Marchbanks;09/13/2021 01:57 | Shipped -> Closed | Yolanda Strickland-Oby,[TACOM];[CSR];[Admin];[ReadOnlyAudit];LocalDomainServers;CN=Dwayne Petrakis/OU=CHPSID/O=TACOM,[TACOM];[CSR];[Admin],NORTHWAY|BERNICE|80913,0,CN=Oswaldo Ferreira-Lund/OU=CHPSID/O=TACOM,09/13/2021 01:57:55,
E3FCD27FB2E182749A7FB3950214EBEC,NT000107,,02/27/2010 17:44:24,04/05/2010 15:44:24,CN=Ret Hamlin/OU=CHPSID/O=TACOM,,VMA-2010-000001,CLOSED,HRC,HRC_AWD_20100209_3.txt,180,02/26/2010,02/27/2010,CN=HRC-Transfer/OU=Agents/O=TACOM,Routine,***-**-9939,Villarreal,Harold,G,CPT,Army Reserve,08/05/2002,08/04/2007,Global War on Terrorism,No,RQ000008,Harold Villarreal,Self,CN=Benedetta Kowalczyk/OU=CHPSID/O=TACOM,1,No,,,03/15/2010 05:44:24,Pass,03/20/2010 10:44:24,C16-6,03/23/2010 15:44:24,9405 5385 8240 6288 1032 31,04/05/2010 15:44:24,36,,,,Harold Villarreal,8123 Washington St,Leesville,LA,71446,,"02/27/2010 17:44 | (new) -> Authorized | HRC-Transfer
03/15/2010 05:44 | Authorized -> Assembly/QC | Ret Hamlin
03/20/2010 10:44 | Assembly/QC -> Warehouse | Ret Hamlin
03/23/2010 15:44 | Warehouse -> Shipped | Yolanda Strickland-Oby
04/05/2010 15:44 | Shipped -> Closed | Dwayne Petrakis",[TACOM];[CSR];[Admin];[ReadOnlyAudit];LocalDomainServers;CN=Benedetta Kowalczyk/OU=CHPSID/O=TACOM,[TACOM];[CSR];[Admin],VILLARREAL|HAROLD|71446,0,CN=Oswaldo Ferreira-Lund/OU=CHPSID/O=TACOM,04/05/2010 15:44:24,
E8F9371FEF242389D248A76CACCC7180,NT000108,,07/19/2021 07:47:03,08/10/2021 18:47:03,CN=Benedetta Kowalczyk/OU=CHPSID/O=TACOM,,VMA-2021-000002,"closed ",NPRC,nprc_awd_20210716_8.dat,224,20210619,07/19/2021,CN=HRC-Transfer/OU=Agents/O=TACOM,Congressional,***-**-0346,Wentworth,Theresa,K,CSM,Army Reserve,15 FEB 65,02/15/1968,Vietnam,Yes,RQ000027,Wanda Wentworth,Son,CN=Renata Vasquez-Holm/OU=CHPSID/O=TACOM,1,No,,,07/29/2021 13:47:03,Pass,07/31/2021 15:47:03,G22-5,08/03/2021 18:47:03,9405 5305 2007 2220 2518 17,08/10/2021 18:47:03,22,,,,Wanda Wentworth,3693 Eisenhower Blvd,El Paso,TX,79916,,07/19/2021 07:47 | (new) -> Authorized | HRC-Transfer;07/29/2021 13:47 | Authorized -> Assembly/QC | Oswaldo Ferreira-Lund;07/31/2021 15:47 | Assembly/QC -> Warehouse | Cletus Marchbanks;08/03/2021 18:47 | Warehouse -> Shipped | Benedetta Kowalczyk;08/10/2021 18:47 | Shipped -> Closed | Yolanda Strickland-Oby,[TACOM];[CSR];[Admin];[ReadOnlyAudit];LocalDomainServers;CN=Renata Vasquez-Holm/OU=CHPSID/O=TACOM,[TACOM];[CSR];[Admin],WENTWORTH|THERESA|79916,0,CN=Lorraine Whitcombe/OU=CHPSID/O=TACOM,08/10/2021 18:47:03,
5B8B9E4E8B07261BF565439B8360C981,NT000109,,10/28/2013 09:44:01,11/24/2013 19:44:01,CN=Benedetta Kowalczyk/OU=CHPSID/O=TACOM,,VMA-2013-000002,"closed ",NPRC,nprc_awd_20131023_4.txt,187,2013-10-21,10/28/2013,CN=HRC-Transfer/OU=Agents/O=TACOM,Routine,***-**-2475,Delgadillo,Cassandra,R,CW2,Army Air Forces,03/08/1941,03/07/1945,World War II,Yes,RQ000040,Alvin Delgadillo,Grandson,CN=Ignatius Pardo/OU=CHPSID/O=TACOM,3,Yes,11/03/2013 11:44:01,,11/11/2013 14:44:01,Pass,11/14/2013 18:44:01,A14-4,11/18/2013 19:44:01,9405 5543 9434 0311 9523 49,11/24/2013 19:44:01,27,,,,Alvin Delgadillo,1924 Bradley Ave,Colorado Springs,CO,80913,,10/28/2013 09:44 | (new) -> Authorized | HRC-Transfer;11/03/2013 11:44 | Authorized -> Engraving | Benedetta Kowalczyk;11/11/2013 14:44 | Engraving -> Assembly/QC | Benedetta Kowalczyk;11/14/2013 18:44 | Assembly/QC -> Warehouse | Cletus Marchbanks;11/18/2013 19:44 | Warehouse -> Shipped | Benedetta Kowalczyk;11/24/2013 19:44 | Shipped -> Closed | Lorraine Whitcombe,[TACOM];[CSR];[Admin];[ReadOnlyAudit];LocalDomainServers;CN=Ignatius Pardo/OU=CHPSID/O=TACOM,[TACOM];[CSR];[Admin],DELGADILLO|CASSANDRA|80913,0,CN=Ret Hamlin/OU=CHPSID/O=TACOM,11/24/2013 19:44:01,
B4596FA1D3BD800801AFFBE825B64828,NT000110,,02/25/2004 16:55:02,04/02/2004 03:55:02,CN=Lorraine Whitcombe/OU=CHPSID/O=TACOM,,VMA-2004-000002,"closed ",HRC,HRC_AWD_20040130_5.dat,75,20040114,02/25/2004,CN=HRC-Transfer/OU=Agents/O=TACOM,Routine,***-**-2290,Abernathy,Betty,,SFC,Army Reserve,10/08/1965,10/07/1968,Vietnam,No,RQ000004,Marcus Abernathy,Executor,CN=Ret Hamlin/OU=CHPSID/O=TACOM,1,No,,,03/14/2004 22:55:02,Pass,03/19/2004 01:55:02,E1-6,03/22/2004 03:55:02,9405 5055 2266 8599 0875 83,04/02/2004 03:55:02,36,,,,Marcus Abernathy,8595 Bradley Ave,Colorado Springs,CO,80913,,02/25/2004 16:55 | (new) -> Authorized | HRC-Transfer;03/14/2004 22:55 | Authorized -> Assembly/QC | Cletus Marchbanks;03/19/2004 01:55 | Assembly/QC -> Warehouse | Ret Hamlin;03/22/2004 03:55 | Warehouse -> Shipped | Renata Vasquez-Holm;04/02/2004 03:55 | Shipped -> Closed | Yolanda Strickland-Oby,[TACOM];[CSR];[Admin];[ReadOnlyAudit];LocalDomainServers;CN=Ret Hamlin/OU=CHPSID/O=TACOM,[TACOM];[CSR];[Admin],ABERNATHY|BETTY|80913,0,CN=Lorraine Whitcombe/OU=CHPSID/O=TACOM,04/02/2004 03:55:02,
7B3679DD99D7189245CB1929602E1917,NT000111,,02/02/2024 10:03:59,02/29/2024 01:03:59,CN=Dwayne Petrakis/OU=CHPSID/O=TACOM,,VMA-2024-000004,Complete,NPRC,nprc_awd_20240115_1.dat,34,12/23/2023,02/02/2024,CN=HRC-Transfer/OU=Agents/O=TACOM,Routine,***-**-6003,YBARRA,Leonard,,CW2,Regular Army,06/26/2002,06/24/2008,Global War on Terrorism,Yes,RQ000041,Tyler YBARRA,Spouse,CN=Yolanda Strickland-Oby/OU=CHPSID/O=TACOM,3,No,,,02/16/2024 19:03:59,Pass,02/19/2024 21:03:59,F9-4,02/23/2024 01:03:59,9405 5571 5063 4541 2627 95,02/29/2024 01:03:59,26,,,,Tyler YBARRA,5119 Cantonment Way,Junction City,KS,66441-6916,,02/02/2024 10:03 | (new) -> Authorized | HRC-Transfer;02/16/2024 19:03 | Authorized -> Assembly/QC | Ret Hamlin;02/19/2024 21:03 | Assembly/QC -> Warehouse | Cletus Marchbanks;02/23/2024 01:03 | Warehouse -> Shipped | Ignatius Pardo;02/29/2024 01:03 | Shipped -> Closed | Ret Hamlin,[TACOM];[CSR];[Admin];[ReadOnlyAudit];LocalDomainServers;CN=Yolanda Strickland-Oby/OU=CHPSID/O=TACOM,[TACOM];[CSR];[Admin],YBARRA|LEONARD|66441,0,CN=Renata Vasquez-Holm/OU=CHPSID/O=TACOM,02/29/2024 01:03:59,
6EA321DBFE6AF81BEB9B7D337D63E7DE,NT000112,,12/10/2017 13:49:15,01/12/2018 06:49:15,CN=Renata Vasquez-Holm/OU=CHPSID/O=TACOM,,VMA-2017-000003,Complete,HRC,HRC_AWD_20171114_7.txt,229,13/45/2026,12/10/2017,CN=HRC-Transfer/OU=Agents/O=TACOM,Routine,***-**-5548,Mabry,Emmett,S,SPC,Regular Army,09/08/1965,09/07/1970,Vietnam,Yes,RQ000019,Clarence Mabry,Spouse,CN=Dwayne Petrakis/OU=CHPSID/O=TACOM,1,No,,,12/24/2017 19:49:15,Pass,12/28/2017 01:49:15,E11-1,01/01/2018 06:49:15,9405 5901 9534 8258 0589 57,01/12/2018 06:49:15,32,,,,Clarence Mabry,1090 Liberty Ln,Manchester,NH,03104,"Ship to NOK address, not veteran address of record",12/10/2017 13:49 | (new) -> Authorized | HRC-Transfer;12/24/2017 19:49 | Authorized -> Assembly/QC | Lorraine Whitcombe;12/28/2017 01:49 | Assembly/QC -> Warehouse | Lorraine Whitcombe;01/01/2018 06:49 | Warehouse -> Shipped | Yolanda Strickland-Oby;01/12/2018 06:49 | Shipped -> Closed | Oswaldo Ferreira-Lund,[TACOM];[CSR];[Admin];[ReadOnlyAudit];LocalDomainServers;CN=Dwayne Petrakis/OU=CHPSID/O=TACOM,[TACOM];[CSR];[Admin],MABRY|EMMETT|03104,0,CN=Benedetta Kowalczyk/OU=CHPSID/O=TACOM,01/12/2018 06:49:15,
CBD77CC72C3874026ED761FFD0B8C03D,NT000113,,10/03/2023 11:07:40,11/07/2023 20:07:40,CN=Yolanda Strickland-Oby/OU=CHPSID/O=TACOM,,VMA-2023-000002,closed,HRC,HRC_AWD_20230903_9.dat,219,2023-08-21,10/03/2023,CN=HRC-Transfer/OU=Agents/O=TACOM,Routine,***-**-4726,Fairweather,Marcus,,CW2,Army Reserve,08/14/1965,08/13/1971,Vietnam,Yes,RQ000005,Betty Fairweather,Spouse,CN=Benedetta Kowalczyk/OU=CHPSID/O=TACOM,4,No,,,10/20/2023 15:07:40,Pass,10/25/2023 19:07:40,C21-3,10/27/2023 20:07:40,9405 5850 3246 1448 9698 28,11/07/2023 20:07:40,35,,,,Betty Fairweather,5368 Cantonment Way Apt 14C,Leesville,LA,71446,Replacement set - original lost in house fire,10/03/2023 11:07 | (new) -> Authorized | HRC-Transfer;10/20/2023 15:07 | Authorized -> Assembly/QC | Benedetta Kowalczyk;10/25/2023 19:07 | Assembly/QC -> Warehouse | Benedetta Kowalczyk;10/27/2023 20:07 | Warehouse -> Shipped | Ignatius Pardo;11/07/2023 20:07 | Shipped -> Closed | Oswaldo Ferreira-Lund,[TACOM];[CSR];[Admin];[ReadOnlyAudit];LocalDomainServers;CN=Benedetta Kowalczyk/OU=CHPSID/O=TACOM,[TACOM];[CSR];[Admin],FAIRWEATHER|MARCUS|71446,0,CN=Benedetta Kowalczyk/OU=CHPSID/O=TACOM,11/07/2023 20:07:40,
19573EEC7D22839F8DC757186A464C4B,NT000114,,03/18/2022 08:59:20,04/13/2022 17:59:20,CN=Benedetta Kowalczyk/OU=CHPSID/O=TACOM,,VMA-2022-000001,closed,HRC,HRC_AWD_20220221_9.dat,29,03/04/2022,03/18/2022,CN=HRC-Transfer/OU=Agents/O=TACOM,Routine,***-**-9951,Kettering,Emmett,E,MAJ,Regular Army,10/28/1965,27 OCT 70,Vietnam,No,RQ000026,Dolores Kettering,Daughter,CN=Dwayne Petrakis/OU=CHPSID/O=TACOM,1,No,,,03/28/2022 12:59:20,Pass,03/31/2022 16:59:20,D3-2,04/04/2022 17:59:20,9405 5435 1525 8945 7956 66,04/13/2022 17:59:20,26,,,,Dolores Kettering,5701 Eisenhower Blvd,Warren,MI,48397,,03/18/2022 08:59 | (new) -> Authorized | HRC-Transfer;03/28/2022 12:59 | Authorized -> Assembly/QC | Yolanda Strickland-Oby;03/31/2022 16:59 | Assembly/QC -> Warehouse | Dwayne Petrakis;04/04/2022 17:59 | Warehouse -> Shipped | Benedetta Kowalczyk;04/13/2022 17:59 | Shipped -> Closed | Renata Vasquez-Holm,[TACOM];[CSR];[Admin];[ReadOnlyAudit];LocalDomainServers;CN=Dwayne Petrakis/OU=CHPSID/O=TACOM,[TACOM];[CSR];[Admin],KETTERING|EMMETT|48397,0,CN=Dwayne Petrakis/OU=CHPSID/O=TACOM,04/13/2022 17:59:20,
772738D9DA59875962F935D9B1709535,NT000115,,02/12/2020 13:51:07,03/01/2020 13:51:07,CN=Benedetta Kowalczyk/OU=CHPSID/O=TACOM,DD214_redacted.pdf,VMA-2020-000002,Cancelled,NPRC,nprc_awd_20200122_1.txt,112,01/25/2020,02/12/2020,CN=HRC-Transfer/OU=Agents/O=TACOM,Routine,***-**-2856,Ingersoll,Alvin,T,1SG,Regular Army,01/16/1950,16 JAN 52,Korean War,No,RQ000036,Theresa Ingersoll,Son,CN=Benedetta Kowalczyk/OU=CHPSID/O=TACOM,4,No,,,,,,,,,03/01/2020 13:51:07,18,,,,Theresa Ingersoll,6481 Cantonment Way,Manchester,NH,03104,Replacement set - original lost in house fire,02/12/2020 13:51 | (new) -> Authorized | HRC-Transfer;03/01/2020 13:51 | Authorized -> Cancelled | Lorraine Whitcombe,[TACOM];[CSR];[Admin];[ReadOnlyAudit];LocalDomainServers;CN=Benedetta Kowalczyk/OU=CHPSID/O=TACOM,[TACOM];[CSR];[Admin],INGERSOLL|ALVIN|03104,0,CN=Ret Hamlin/OU=CHPSID/O=TACOM,03/01/2020 13:51:07,
D7D661930EA8B5784F149C4CA4BBCC60,NT000116,,06/25/2016 11:56:19,06/29/2016 11:56:19,CN=Renata Vasquez-Holm/OU=CHPSID/O=TACOM,,VMA-2016-000001,CXL,NPRC,nprc_awd_20160611_9.dat,95,2016-05-27,06/25/2016,CN=HRC-Transfer/OU=Agents/O=TACOM,Congressional,***-**-3985,Ingersoll,Cassandra,E,2LT,Army of the United States,12/07/1941,12/06/1945,World War II,Yes,RQ000036,Theresa Ingersoll,Son,CN=Ret Hamlin/OU=CHPSID/O=TACOM,3,Yes,,,,,,,,,06/29/2016 11:56:19,4,,,,Theresa Ingersoll,6481 Cantonment Way,Manchester,NH,03104,,06/25/2016 11:56 | (new) -> Authorized | HRC-Transfer;06/29/2016 11:56 | Authorized -> Cancelled | Ignatius Pardo,[TACOM];[CSR];[Admin];[ReadOnlyAudit];LocalDomainServers;CN=Ret Hamlin/OU=CHPSID/O=TACOM,[TACOM];[CSR];[Admin],INGERSOLL|CASSANDRA|03104,0,CN=Lorraine Whitcombe/OU=CHPSID/O=TACOM,06/29/2016 11:56:19,
D2B7AC95DDC748A12A0EF396015C1197,NT000117,,07/19/2026 09:36:00,07/19/2026 09:36:00,CN=HAAS-APP01/OU=Agents/O=TACOM,DD214_redacted.pdf,VMA-2026-000001,Authorized,HRC,HRC_AWD_20260615_7.txt,22,07/14/2026,07/19/2026,CN=HRC-Transfer/OU=Agents/O=TACOM,Routine,***-**-9006,Hollingsworth,Vernon,,SGM,Regular Army,04/22/1990,21 APR 93,Gulf War,Yes,RQ000007,Lucille Hollingsworth,Widow,CN=Ret Hamlin/OU=CHPSID/O=TACOM,5,Yes,,,,,,,,,,44,,,,Lucille Hollingsworth,9748 Eisenhower Blvd,Clarksville,TN,37040,,07/19/2026 09:36 | (new) -> Authorized | HRC-Transfer,[TACOM];[CSR];[Admin];[ReadOnlyAudit];LocalDomainServers;CN=Ret Hamlin/OU=CHPSID/O=TACOM,[TACOM];[CSR];[Admin],HOLLINGSWORTH|VERNON|37040,44,CN=Cletus Marchbanks/OU=CHPSID/O=TACOM,07/19/2026 09:36:00,09/01/2026 02:30:00
6980A53F326B0D230F7E1FA1966E73D5,NT000118,,08/05/2026 08:06:00,08/05/2026 08:06:00,CN=HAAS-APP01/OU=Agents/O=TACOM,,VMA-2026-000002,Authorized,Congressional,,,20260729,08/05/2026,CN=Ignatius Pardo/OU=CHPSID/O=TACOM,Routine,***-**-7992,Northway,Alvin,,SPC,Regular Army,08/23/2002,08/22/2004,Global War on Terrorism,Yes,RQ000009,Charles Northway,Granddaughter,CN=Ignatius Pardo/OU=CHPSID/O=TACOM,2,No,,,,,,,,,,27,,,,Charles Northway,2477 Old Post Rd,Colorado Springs,CO,80913,,08/05/2026 08:06 | (new) -> Authorized | Ret Hamlin,[TACOM];[CSR];[Admin];[ReadOnlyAudit];LocalDomainServers;CN=Ignatius Pardo/OU=CHPSID/O=TACOM,[TACOM];[CSR];[Admin],NORTHWAY|ALVIN|80913,27,CN=Renata Vasquez-Holm/OU=CHPSID/O=TACOM,08/05/2026 08:06:00,09/01/2026 02:30:00
F107CAB5C888FA5DDE1959251EDB0716,NT000119,,05/06/2026 09:53:00,05/06/2026 09:53:00,CN=HAAS-APP01/OU=Agents/O=TACOM,,VMA-2026-000003,Authorized,HRC,HRC_AWD_20260706_2.txt,129,04/25/2026,05/06/2026,CN=HRC-Transfer/OU=Agents/O=TACOM,Routine,***-**-2994,Ingersoll,Betty,T,LTC,Army Reserve,03/01/1965,02/29/1968,Vietnam,Yes,RQ000036,Theresa Ingersoll,Son,CN=Renata Vasquez-Holm/OU=CHPSID/O=TACOM,5,Yes,,,,,,,,,,118,Red,,,Theresa Ingersoll,6481 Cantonment Way,Manchester,NH,03104,,05/06/2026 09:53 | (new) -> Authorized | HRC-Transfer;09/01/2026 02:30 | AgingFlag -> Red (118 days) | NightlyAging,[TACOM];[CSR];[Admin];[ReadOnlyAudit];LocalDomainServers;CN=Renata Vasquez-Holm/OU=CHPSID/O=TACOM,[TACOM];[CSR];[Admin],INGERSOLL|BETTY|03104,118,CN=Dwayne Petrakis/OU=CHPSID/O=TACOM,05/06/2026 09:53:00,09/01/2026 02:30:00
0FC278BDDDA9175B4D004411025CD60F,NT000120,,06/18/2026 11:08:00,06/18/2026 11:08:00,CN=HAAS-APP01/OU=Agents/O=TACOM,DD214_redacted.pdf,VMA-2026-000004,Authorized,NPRC,nprc_awd_20260720_b47.dat,23,05/10/2026,06/18/2026,CN=HRC-Transfer/OU=Agents/O=TACOM,Routine,***-**-9643,Ellsworth,Eugene,S,LTC,Women's Army Corps,04/06/1941,04/06/1943,World War II,Yes,RQ000038,Wanda Ellsworth,Daughter,CN=Cletus Marchbanks/OU=CHPSID/O=TACOM,2,Yes,,,,,,,,,,75,Red,,,Wanda Ellsworth,3943 Pershing St,Radcliff,KY,40160,,06/18/2026 11:08 | (new) -> Authorized | HRC-Transfer;09/01/2026 02:30 | AgingFlag -> Red (75 days) | NightlyAging,[TACOM];[CSR];[Admin];[ReadOnlyAudit];LocalDomainServers;CN=Cletus Marchbanks/OU=CHPSID/O=TACOM,[TACOM];[CSR];[Admin],ELLSWORTH|EUGENE|40160,75,CN=Renata Vasquez-Holm/OU=CHPSID/O=TACOM,06/18/2026 11:08:00,09/01/2026 02:30:00
185761F194F690EAB747A463296146D8,NT000121,,08/29/2026 09:57:00,08/29/2026 09:57:00,CN=HAAS-APP01/OU=Agents/O=TACOM,,VMA-2026-000005,AUTH,HRC,HRC_AWD_20260819_3.dat,24,08/02/2026,08/29/2026,CN=HRC-Transfer/OU=Agents/O=TACOM,Routine,***-**-6788,Brannigan,Priscilla,E,CPL,Army of the United States,27 AUG 50,08/25/1956,Korean War,Yes,RQ000028,Eugene Brannigan,Daughter,CN=Renata Vasquez-Holm/OU=CHPSID/O=TACOM,3,Yes,,,,,,,,,,3,,,,Eugene Brannigan,2200 Liberty Ln,Manchester,NH,03104,,08/29/2026 09:57 | (new) -> Authorized | HRC-Transfer,[TACOM];[CSR];[Admin];[ReadOnlyAudit];LocalDomainServers;CN=Renata Vasquez-Holm/OU=CHPSID/O=TACOM,[TACOM];[CSR];[Admin],BRANNIGAN|PRISCILLA|03104,3,CN=Cletus Marchbanks/OU=CHPSID/O=TACOM,08/29/2026 09:57:00,09/01/2026 02:30:00
1D1A92310C19C0195C36FFD31CD63257,NT000122,,02/08/2026 09:44:00,02/10/2026 11:44:00,CN=HAAS-APP01/OU=Agents/O=TACOM,,VMA-2026-000006,Engraving,HRC,HRC_AWD_20260615_7.txt,40,01/23/2026,02/08/2026,CN=HRC-Transfer/OU=Agents/O=TACOM,Routine,***-**-2541,Kowalski,Wanda,T,SFC,Regular Army,07/10/1990,09 JUL 95,Gulf War,No,RQ000030,Wanda Kowalski,Self,CN=Renata Vasquez-Holm/OU=CHPSID/O=TACOM,2,Yes,02/10/2026 11:44:00,ENG-2026-00007,,,,,,,,205,Red,,,Wanda Kowalski,3273 Sheridan Rd,Junction City,KS,66441,,02/08/2026 09:44 | (new) -> Authorized | HRC-Transfer;02/10/2026 11:44 | Authorized -> Engraving | Renata Vasquez-Holm;09/01/2026 02:30 | AgingFlag -> Red (203 days) | NightlyAging,[TACOM];[CSR];[Admin];[ReadOnlyAudit];LocalDomainServers;CN=Renata Vasquez-Holm/OU=CHPSID/O=TACOM,[TACOM];[CSR];[Admin],KOWALSKI|WANDA|66441,203,CN=Oswaldo Ferreira-Lund/OU=CHPSID/O=TACOM,02/10/2026 11:44:00,09/01/2026 02:30:00
A5ED15850355B28AAA9364B5275C735D,NT000123,,07/04/2026 09:15:00,07/11/2026 10:15:00,CN=HAAS-APP01/OU=Agents/O=TACOM,,VMA-2026-000007,Engraving,HRC,HRC_AWD_20260607_6.txt,9,27 JUN 26,07/04/2026,CN=HRC-Transfer/OU=Agents/O=TACOM,Routine,***-**-1967,Nordstrom,John,F,2LT,Army of the United States,07/04/1950,07/03/1955,Korean War,Yes,RQ000032,Roderick Nordstrom,Nephew,CN=Ignatius Pardo/OU=CHPSID/O=TACOM,1,Yes,07/11/2026 10:15:00,ENG-2026-00008,,,,,,,,59,,,,Roderick Nordstrom,9124 Washington St,Watertown,NY,13601,,07/04/2026 09:15 | (new) -> Authorized | HRC-Transfer;07/11/2026 10:15 | Authorized -> Engraving | Cletus Marchbanks,[TACOM];[CSR];[Admin];[ReadOnlyAudit];LocalDomainServers;CN=Ignatius Pardo/OU=CHPSID/O=TACOM,[TACOM];[CSR];[Admin],NORDSTROM|JOHN|13601,52,CN=Ret Hamlin/OU=CHPSID/O=TACOM,07/11/2026 10:15:00,09/01/2026 02:30:00
E452F00D006B912B2EBB16A0E835E586,NT000124,,06/28/2026 07:35:00,06/30/2026 11:35:00,CN=HAAS-APP01/OU=Agents/O=TACOM,,VMA-2026-000008,Engraving,HRC,HRC_AWD_20260530_3.txt,75,20260621,06/28/2026,CN=HRC-Transfer/OU=Agents/O=TACOM,Expedite,***-**-0410,Cotswold,Patricia,N,PVT,Army Reserve,06/22/1975,21 JUN 77,Cold War,Yes,RQ000013,Wanda Cotswold,Executor,CN=Dwayne Petrakis/OU=CHPSID/O=TACOM,1,Yes,06/30/2026 11:35:00,ENG-2026-00009,,,,,,,,65,Amber,,,Wanda Cotswold,3245 Eisenhower Blvd,Fayetteville,NC,28301,"Requester called 06/28/2026: ""Where is my father's National Defense Service Medal?""
Advised 60-day service target, case currently Engraving.
Per CSR: ""will call back Monday"", see CaseNote.",06/28/2026 07:35 | (new) -> Authorized | HRC-Transfer;06/30/2026 11:35 | Authorized -> Engraving | Ret Hamlin;09/01/2026 02:30 | AgingFlag -> Amber (63 days) | NightlyAging,[TACOM];[CSR];[Admin];[ReadOnlyAudit];LocalDomainServers;CN=Dwayne Petrakis/OU=CHPSID/O=TACOM,[TACOM];[CSR];[Admin],COTSWOLD|PATRICIA|28301,63,CN=Benedetta Kowalczyk/OU=CHPSID/O=TACOM,06/30/2026 11:35:00,09/01/2026 02:30:00
3B8765C1D897400134EBD1BEA1AEFACD,NT000125,,05/21/2026 05:05:00,05/27/2026 11:05:00,CN=HAAS-APP01/OU=Agents/O=TACOM,DD214_redacted.pdf,VMA-2026-000009,In Engraving,NPRC,nprc_awd_20260429_9.txt,204,2026-04-28,05/21/2026,CN=HRC-Transfer/OU=Agents/O=TACOM,Congressional,***-**-5612,Fairweather,Ines,,LTC,Regular Army,06/02/1990,06/01/1995,Gulf War,Yes,RQ000005,Betty Fairweather,Spouse,CN=Oswaldo Ferreira-Lund/OU=CHPSID/O=TACOM,3,Yes,05/27/2026 11:05:00,ENG-2026-00010,,,,,,,,103,Red,,,Betty Fairweather,5368 Cantonment Way Apt 14C,Leesville,LA,71446,,05/21/2026 05:05 | (new) -> Authorized | HRC-Transfer;05/27/2026 11:05 | Authorized -> Engraving | Benedetta Kowalczyk;09/01/2026 02:30 | AgingFlag -> Red (97 days) | NightlyAging,[TACOM];[CSR];[Admin];[ReadOnlyAudit];LocalDomainServers;CN=Oswaldo Ferreira-Lund/OU=CHPSID/O=TACOM,[TACOM];[CSR];[Admin],FAIRWEATHER|INES|71446,97,CN=Ignatius Pardo/OU=CHPSID/O=TACOM,05/27/2026 11:05:00,09/01/2026 02:30:00
7F09098857523C0DDC01E862CF27AE67,NT000126,,06/12/2026 08:34:00,06/24/2026 11:34:00,CN=HAAS-APP01/OU=Agents/O=TACOM,,VMA-2026-000010,Assembly/QC,NPRC,nprc_awd_20260720_b47.dat,26,05/15/2026,06/12/2026,CN=HRC-Transfer/OU=Agents/O=TACOM,Routine,***-**-9525,Prentiss,Patricia,K,PVT,Army National Guard,05/19/2002,05/18/2006,Global War on Terrorism,No,RQ000039,Tyler Prentiss,Widow,CN=Yolanda Strickland-Oby/OU=CHPSID/O=TACOM,5,No,,,06/24/2026 11:34:00,Pending,,,,,,81,Amber,,,Tyler Prentiss,8226 Sheridan Rd,Manchester,NH,03104,,06/12/2026 08:34 | (new) -> Authorized | HRC-Transfer;06/24/2026 11:34 | Authorized -> Assembly/QC | Oswaldo Ferreira-Lund;09/01/2026 02:30 | AgingFlag -> Amber (69 days) | NightlyAging,[TACOM];[CSR];[Admin];[ReadOnlyAudit];LocalDomainServers;CN=Yolanda Strickland-Oby/OU=CHPSID/O=TACOM,[TACOM];[CSR];[Admin],PRENTISS|PATRICIA|03104,69,CN=Yolanda Strickland-Oby/OU=CHPSID/O=TACOM,06/24/2026 11:34:00,09/01/2026 02:30:00
7BD1324CC441A1DBAA585671E859C332,NT000127,,06/21/2026 03:39:00,07/03/2026 10:39:00,CN=HAAS-APP01/OU=Agents/O=TACOM,,VMA-2026-000011,Assembly/QC,HRC,HRC_AWD_20260706_2.txt,112,2026-06-17,06/21/2026,CN=HRC-Transfer/OU=Agents/O=TACOM,Routine,***-**-9395,Underhill-Voss,Charles,A,PV2,Army National Guard,23 DEC 75,22 DEC 78,Cold War,No,RQ000023,Charles Underhill-Voss,Self,CN=Ignatius Pardo/OU=CHPSID/O=TACOM,1,Yes,06/30/2026 05:39:00,ENG-2026-00001,07/03/2026 10:39:00,Fail - rework,,,,,,72,Amber,,,Charles Underhill-Voss,2591 Liberty Ln,Warren,MI,48397,,06/21/2026 03:39 | (new) -> Authorized | HRC-Transfer;06/30/2026 05:39 | Authorized -> Engraving | Yolanda Strickland-Oby;07/03/2026 10:39 | Engraving -> Assembly/QC | Dwayne Petrakis;09/01/2026 02:30 | AgingFlag -> Amber (60 days) | NightlyAging,[TACOM];[CSR];[Admin];[ReadOnlyAudit];LocalDomainServers;CN=Ignatius Pardo/OU=CHPSID/O=TACOM,[TACOM];[CSR];[Admin],UNDERHILL-VOSS|CHARLES|48397,60,CN=Renata Vasquez-Holm/OU=CHPSID/O=TACOM,07/03/2026 10:39:00,09/01/2026 02:30:00
52C12AAE2C8DD61B3050BC0C37F44F35,NT000128,,06/13/2026 03:27:00,06/19/2026 08:27:00,CN=HAAS-APP01/OU=Agents/O=TACOM,,VMA-2026-000012,Assembly/QC,NPRC,nprc_awd_20260701_b30.dat,168,05/12/2026,06/13/2026,CN=HRC-Transfer/OU=Agents/O=TACOM,Routine,***-**-1181,Kirkbride,Rosalind,L,MAJ,Regular Army,12/10/1990,12/09/1993,Gulf War,No,RQ000018,Rosalind Kirkbride,Self,CN=Cletus Marchbanks/OU=CHPSID/O=TACOM,2,No,,,06/19/2026 08:27:00,Fail - rework,,,,,,80,Amber,,,Rosalind Kirkbride,4720 Cantonment Way Apt 26C,Colorado Springs,CO,80913,,06/13/2026 03:27 | (new) -> Authorized | HRC-Transfer;06/19/2026 08:27 | Authorized -> Assembly/QC | Oswaldo Ferreira-Lund;09/01/2026 02:30 | AgingFlag -> Amber (74 days) | NightlyAging,[TACOM];[CSR];[Admin];[ReadOnlyAudit];LocalDomainServers;CN=Cletus Marchbanks/OU=CHPSID/O=TACOM,[TACOM];[CSR];[Admin],KIRKBRIDE|ROSALIND|80913,74,CN=Oswaldo Ferreira-Lund/OU=CHPSID/O=TACOM,06/19/2026 08:27:00,09/01/2026 02:30:00
B821CC814D35A2931EE14A344A7ECD23,NT000129,,08/03/2026 06:48:00,08/21/2026 09:48:00,CN=HAAS-APP01/OU=Agents/O=TACOM,,VMA-2026-000013,Assembly - QC,NPRC,nprc_awd_20260701_b30.dat,163,07/26/2026,08/03/2026,CN=HRC-Transfer/OU=Agents/O=TACOM,Routine,***-**-7043,Fairweather,Darnell,H,CSM,Army of the United States,05/08/1965,05/07/1971,Vietnam,Yes,RQ000005,Betty Fairweather,Spouse,CN=Ret Hamlin/OU=CHPSID/O=TACOM,3,Yes,08/09/2026 07:48:00,ENG-2026-00002,08/21/2026 09:48:00,Pending,,,,,,29,,,,Betty Fairweather,5368 Cantonment Way Apt 14C,Leesville,LA,71446,,08/03/2026 06:48 | (new) -> Authorized | HRC-Transfer;08/09/2026 07:48 | Authorized -> Engraving | Renata Vasquez-Holm;08/21/2026 09:48 | Engraving -> Assembly/QC | Ignatius Pardo,[TACOM];[CSR];[Admin];[ReadOnlyAudit];LocalDomainServers;CN=Ret Hamlin/OU=CHPSID/O=TACOM,[TACOM];[CSR];[Admin],FAIRWEATHER|DARNELL|71446,11,CN=Benedetta Kowalczyk/OU=CHPSID/O=TACOM,08/21/2026 09:48:00,09/01/2026 02:30:00
D5FA3C49788703F03950EFE755BDA967,NT000130,,07/09/2026 23:54:00,07/28/2026 11:54:00,CN=HAAS-APP01/OU=Agents/O=TACOM,,VMA-2026-000014,Warehouse,NPRC,nprc_awd_20260701_b30.dat,188,2026-07-08,07/09/2026,CN=HRC-Transfer/OU=Agents/O=TACOM,Routine,***-**-0088,Prentiss,Eugene,,CW2,Army of the United States,12/23/1941,12/22/1946,World War II,No,RQ000039,Tyler Prentiss,Widow,CN=Dwayne Petrakis/OU=CHPSID/O=TACOM,3,No,,,07/26/2026 07:54:00,Pass,07/28/2026 11:54:00,C6-6,,,,53,,,,Tyler Prentiss,8226 Sheridan Rd,Manchester,NH,03104,,07/09/2026 23:54 | (new) -> Authorized | HRC-Transfer;07/26/2026 07:54 | Authorized -> Assembly/QC | Ignatius Pardo;07/28/2026 11:54 | Assembly/QC -> Warehouse | Cletus Marchbanks,[TACOM];[CSR];[Admin];[ReadOnlyAudit];LocalDomainServers;CN=Dwayne Petrakis/OU=CHPSID/O=TACOM,[TACOM];[CSR];[Admin],PRENTISS|EUGENE|03104,35,CN=Benedetta Kowalczyk/OU=CHPSID/O=TACOM,07/28/2026 11:54:00,09/01/2026 02:30:00
643D4DC63020927D486A37A855D130EC,NT000131,,06/10/2026 22:09:00,06/27/2026 08:09:00,CN=HAAS-APP01/OU=Agents/O=TACOM,,VMA-2026-000015,Warehouse,HRC,HRC_AWD_20260706_2.txt,44,04/29/2026,06/10/2026,CN=HRC-Transfer/OU=Agents/O=TACOM,Routine,***-**-5865,Nordstrom,Clarence,,CW2,Army Reserve,12/27/1975,12/25/1981,Cold War,Yes,RQ000032,Roderick Nordstrom,Nephew,CN=Oswaldo Ferreira-Lund/OU=CHPSID/O=TACOM,1,Yes,06/20/2026 00:09:00,ENG-2026-00003,06/23/2026 02:09:00,Pass,06/27/2026 08:09:00,A12-3,,,,82,Amber,,,Roderick Nordstrom,9124 Washington St,Watertown,NY,13601,,06/10/2026 22:09 | (new) -> Authorized | HRC-Transfer;06/20/2026 00:09 | Authorized -> Engraving | Ignatius Pardo;06/23/2026 02:09 | Engraving -> Assembly/QC | Cletus Marchbanks;06/27/2026 08:09 | Assembly/QC -> Warehouse | Ignatius Pardo;09/01/2026 02:30 | AgingFlag -> Amber (66 days) | NightlyAging,[TACOM];[CSR];[Admin];[ReadOnlyAudit];LocalDomainServers;CN=Oswaldo Ferreira-Lund/OU=CHPSID/O=TACOM,[TACOM];[CSR];[Admin],NORDSTROM|CLARENCE|13601,66,CN=Ignatius Pardo/OU=CHPSID/O=TACOM,06/27/2026 08:09:00,09/01/2026 02:30:00
921EF29B076C7852B3CDBD7B5C730FC4,NT000132,,07/22/2026 02:12:00,08/13/2026 08:12:00,CN=HAAS-APP01/OU=Agents/O=TACOM,,VMA-2026-000016,Ready to Ship,HRC,HRC_AWD_20260706_2.txt,23,06/16/2026,07/22/2026,CN=HRC-Transfer/OU=Agents/O=TACOM,Expedite,***-**-8020,Marchetti,Lamont,F,CW3,Regular Army,08/11/1975,08/09/1981,Cold War,Yes,RQ000014,Leonard Marchetti,Widow,CN=Ignatius Pardo/OU=CHPSID/O=TACOM,1,No,,,08/08/2026 06:12:00,Pass,08/13/2026 08:12:00,C16-3,,,,41,,,,Leonard Marchetti,8640 Marshall Ct,Watertown,NY,13601,Congressional interest - Rep. staffer follow-up,07/22/2026 02:12 | (new) -> Authorized | HRC-Transfer;08/08/2026 06:12 | Authorized -> Assembly/QC | Renata Vasquez-Holm;08/13/2026 08:12 | Assembly/QC -> Warehouse | Ignatius Pardo,[TACOM];[CSR];[Admin];[ReadOnlyAudit];LocalDomainServers;CN=Ignatius Pardo/OU=CHPSID/O=TACOM,[TACOM];[CSR];[Admin],MARCHETTI|LAMONT|13601,19,CN=Cletus Marchbanks/OU=CHPSID/O=TACOM,08/13/2026 08:12:00,09/01/2026 02:30:00
4CD0213A2A9629168D66932FF201356D,NT000133,,06/17/2026 16:07:00,07/05/2026 10:07:00,CN=HAAS-APP01/OU=Agents/O=TACOM,,VMA-2026-000017,Shipped,HRC,HRC_AWD_20260615_7.txt,25,06/03/2026,06/17/2026,CN=HRC-Transfer/OU=Agents/O=TACOM,Routine,***-**-7109,Pettiford,Harold,A,LTC,Army of the United States,11/26/1965,11/25/1971,Vietnam,Yes,RQ000037,Wanda Pettiford,Son,CN=Ignatius Pardo/OU=CHPSID/O=TACOM,3,No,,,06/30/2026 01:07:00,Pass,07/04/2026 07:07:00,B3-3,07/05/2026 10:07:00,9405 5028 2819 7555 0312 70,,75,,,,Wanda Pettiford,5263 Patton Dr,Hinesville,GA,31313,,06/17/2026 16:07 | (new) -> Authorized | HRC-Transfer;06/30/2026 01:07 | Authorized -> Assembly/QC | Benedetta Kowalczyk;07/04/2026 07:07 | Assembly/QC -> Warehouse | Cletus Marchbanks;07/05/2026 10:07 | Warehouse -> Shipped | Yolanda Strickland-Oby,[TACOM];[CSR];[Admin];[ReadOnlyAudit];LocalDomainServers;CN=Ignatius Pardo/OU=CHPSID/O=TACOM,[TACOM];[CSR];[Admin],PETTIFORD|HAROLD|31313,58,CN=Ret Hamlin/OU=CHPSID/O=TACOM,07/05/2026 10:07:00,09/01/2026 02:30:00
D0767281765E535C2DFF594787C97B8F,NT000134,,03/25/2026 20:45:00,04/14/2026 11:45:00,CN=HAAS-APP01/OU=Agents/O=TACOM,,VMA-2026-000018,Shipped,HRC,HRC_AWD_20260615_7.txt,11,03/09/2026,03/25/2026,CN=HRC-Transfer/OU=Agents/O=TACOM,Routine,***-**-1812,Quintanilla,Betty,,1SG,Army Reserve,27 AUG 75,26 AUG 78,Cold War,No,RQ000025,Dolores Quintanilla,Executor,CN=Renata Vasquez-Holm/OU=CHPSID/O=TACOM,2,Yes,04/01/2026 01:45:00,ENG-2026-00004,04/08/2026 07:45:00,Pass,04/10/2026 10:45:00,G24-1,04/14/2026 11:45:00,9405 5263 2570 3498 8617 84,,159,Red,,,Dolores Quintanilla,4738 Bradley Ave,Colorado Springs,CO,80913,,03/25/2026 20:45 | (new) -> Authorized | HRC-Transfer;04/01/2026 01:45 | Authorized -> Engraving | Renata Vasquez-Holm;04/08/2026 07:45 | Engraving -> Assembly/QC | Ret Hamlin;04/10/2026 10:45 | Assembly/QC -> Warehouse | Ret Hamlin;04/14/2026 11:45 | Warehouse -> Shipped | Renata Vasquez-Holm;09/01/2026 02:30 | AgingFlag -> Red (140 days) | NightlyAging,[TACOM];[CSR];[Admin];[ReadOnlyAudit];LocalDomainServers;CN=Renata Vasquez-Holm/OU=CHPSID/O=TACOM,[TACOM];[CSR];[Admin],QUINTANILLA|BETTY|80913,140,CN=Ignatius Pardo/OU=CHPSID/O=TACOM,04/14/2026 11:45:00,09/01/2026 02:30:00
A568E8F8F9F59DF70C2BC9DFF7134FAF,NT000135,,06/01/2026 17:41:00,06/21/2026 10:41:00,CN=HAAS-APP01/OU=Agents/O=TACOM,,VMA-2026-000019,Shipped,HRC,HRC_AWD_20260706_2.txt,193,04/27/2026,06/01/2026,CN=HRC-Transfer/OU=Agents/O=TACOM,Congressional,***-**-1654,Kettering,Vernon,,SFC,Regular Army,11/15/1990,14 NOV 95,Gulf War,Yes,RQ000022,Alvin Kettering,Granddaughter,CN=Yolanda Strickland-Oby/OU=CHPSID/O=TACOM,3,No,,,06/16/2026 04:41:00,Pass,06/19/2026 06:41:00,G6-2,06/21/2026 10:41:00,9405 5648 0954 0046 5284 42,,91,Amber,,,Alvin Kettering,2663 Bradley Ave,Savannah,GA,31405,,06/01/2026 17:41 | (new) -> Authorized | HRC-Transfer;06/16/2026 04:41 | Authorized -> Assembly/QC | Cletus Marchbanks;06/19/2026 06:41 | Assembly/QC -> Warehouse | Oswaldo Ferreira-Lund;06/21/2026 10:41 | Warehouse -> Shipped | Ignatius Pardo;09/01/2026 02:30 | AgingFlag -> Amber (72 days) | NightlyAging,[TACOM];[CSR];[Admin];[ReadOnlyAudit];LocalDomainServers;CN=Yolanda Strickland-Oby/OU=CHPSID/O=TACOM,[TACOM];[CSR];[Admin],KETTERING|VERNON|31405,72,CN=Cletus Marchbanks/OU=CHPSID/O=TACOM,06/21/2026 10:41:00,09/01/2026 02:30:00
1CE295C36C17E043BE037FB3E095D686,NT000136,,05/22/2026 21:06:00,06/11/2026 08:06:00,CN=HAAS-APP01/OU=Agents/O=TACOM,,VMA-2026-000020,Mailed,NPRC,nprc_awd_20260701_b30.dat,109,20260424,05/22/2026,CN=HRC-Transfer/OU=Agents/O=TACOM,Routine,***-**-0050,Ybarra,Gloria,,PVT,Army National Guard,02/12/2002,11 FEB 07,Global War on Terrorism,No,RQ000001,Tyler Ybarra,Spouse,CN=Cletus Marchbanks/OU=CHPSID/O=TACOM,2,No,,,06/06/2026 01:06:00,Pass,06/08/2026 02:06:00,B10-1,06/11/2026 08:06:00,9405 5303 7478 6733 6733 02,,101,Red,,,Tyler Ybarra,1184 Old Post Rd,Junction City,KS,66441,,05/22/2026 21:06 | (new) -> Authorized | HRC-Transfer;06/06/2026 01:06 | Authorized -> Assembly/QC | Yolanda Strickland-Oby;06/08/2026 02:06 | Assembly/QC -> Warehouse | Renata Vasquez-Holm;06/11/2026 08:06 | Warehouse -> Shipped | Cletus Marchbanks;09/01/2026 02:30 | AgingFlag -> Red (82 days) | NightlyAging,[TACOM];[CSR];[Admin];[ReadOnlyAudit];LocalDomainServers;CN=Cletus Marchbanks/OU=CHPSID/O=TACOM,[TACOM];[CSR];[Admin],YBARRA|GLORIA|66441,82,CN=Dwayne Petrakis/OU=CHPSID/O=TACOM,06/11/2026 08:06:00,09/01/2026 02:30:00
5688967A719626DF7B4CD4ACEB99A647,NT000137,,07/02/2026 03:00:00,07/22/2026 12:00:00,CN=HAAS-APP01/OU=Agents/O=TACOM,DD214_redacted.pdf,VMA-2026-000021,On Hold,NPRC,nprc_awd_20260701_b30.dat,59,06/24/2026,07/02/2026,CN=HRC-Transfer/OU=Agents/O=TACOM,Congressional,***-**-5908,Pettiford,Cassandra,C,COL,Army National Guard,07/23/1975,07/22/1977,Cold War,Yes,RQ000037,Wanda Pettiford,Son,CN=Ignatius Pardo/OU=CHPSID/O=TACOM,5,No,,,07/22/2026 12:00:00,Pass,,,,,,61,,Backorder - Purple Heart full-size out of stock,Assembly/QC,Wanda Pettiford,5263 Patton Dr,Hinesville,GA,31313,Replacement set - original lost in house fire,07/02/2026 03:00 | (new) -> Authorized | HRC-Transfer;07/22/2026 12:00 | Authorized -> Assembly/QC | Benedetta Kowalczyk;07/22/2026 12:00 | Assembly/QC -> On Hold | Ret Hamlin,[TACOM];[CSR];[Admin];[ReadOnlyAudit];LocalDomainServers;CN=Ignatius Pardo/OU=CHPSID/O=TACOM,[TACOM];[CSR];[Admin],PETTIFORD|CASSANDRA|31313,41,CN=Yolanda Strickland-Oby/OU=CHPSID/O=TACOM,07/22/2026 12:00:00,09/01/2026 02:30:00
E2D6DAE06FCFC0BAF03D023D471F3948,NT000138,,05/21/2026 00:03:00,06/05/2026 11:03:00,CN=HAAS-APP01/OU=Agents/O=TACOM,,VMA-2026-000022,On Hold,HRC,HRC_AWD_20260615_7.txt,64,04/13/2026,05/21/2026,CN=HRC-Transfer/OU=Agents/O=TACOM,Congressional,***-**-8910,Nordstrom,Marcus,N,SFC,Army Reserve,11 JAN 75,01/10/1979,Cold War,Yes,RQ000032,Roderick Nordstrom,Nephew,CN=Ignatius Pardo/OU=CHPSID/O=TACOM,3,Yes,05/25/2026 05:03:00,ENG-2026-00006,06/05/2026 11:03:00,Pending,,,,,,103,,Backorder - Purple Heart full-size out of stock,Assembly/QC,Roderick Nordstrom,9124 Washington St,Watertown,NY,13601,Congressional interest - Rep. staffer follow-up,05/21/2026 00:03 | (new) -> Authorized | HRC-Transfer;05/25/2026 05:03 | Authorized -> Engraving | Oswaldo Ferreira-Lund;06/05/2026 11:03 | Engraving -> Assembly/QC | Lorraine Whitcombe;06/05/2026 11:03 | Assembly/QC -> On Hold | Benedetta Kowalczyk,[TACOM];[CSR];[Admin];[ReadOnlyAudit];LocalDomainServers;CN=Ignatius Pardo/OU=CHPSID/O=TACOM,[TACOM];[CSR];[Admin],NORDSTROM|MARCUS|13601,88,CN=Yolanda Strickland-Oby/OU=CHPSID/O=TACOM,06/05/2026 11:03:00,09/01/2026 02:30:00
0AA8D7317E5F8935618262D3AABF4D39,NT000139,,07/21/2026 01:58:00,08/10/2026 11:58:00,CN=HAAS-APP01/OU=Agents/O=TACOM,,VMA-2026-000023,Assy-QC,HRC,HRC_AWD_20260615_7.txt,55,07/11/2026,07/21/2026,CN=HRC-Transfer/OU=Agents/O=TACOM,Routine,***-**-2856,Galloway,Darnell,W,CPL,Regular Army,04/16/1965,04/15/1970,Vietnam,Yes,RQ000002,Roderick Galloway,Nephew,CN=Dwayne Petrakis/OU=CHPSID/O=TACOM,1,No,,,08/10/2026 11:58:00,Pass,,,,,,42,,,,Roderick Galloway,7173 Marshall Ct,Killeen,TX,76541,,07/21/2026 01:58 | (new) -> Authorized | HRC-Transfer;08/10/2026 11:58 | Authorized -> Assembly/QC | Cletus Marchbanks;08/10/2026 11:58 | Assembly/QC -> Assy-QC | Cletus Marchbanks,[TACOM];[CSR];[Admin];[ReadOnlyAudit];LocalDomainServers;CN=Dwayne Petrakis/OU=CHPSID/O=TACOM,[TACOM];[CSR];[Admin],GALLOWAY|DARNELL|76541,22,CN=Oswaldo Ferreira-Lund/OU=CHPSID/O=TACOM,08/10/2026 11:58:00,09/01/2026 02:30:00
415F21344DD78B2A708CB5E1F1B52EB4,NT000140,,07/09/2013 15:34:22,07/09/2013 16:34:22,CN=HAAS-APP01/OU=Agents/O=TACOM,,VMA-2013-000001,Closed,NPRC,nprc_awd_20130611_7.dat,172,05/31/2013,07/09/2013,CN=HRC-Transfer/OU=Agents/O=TACOM,Routine,***-**-2496,Kirkbride,Rosalind,L,CSM,Regular Army,10/03/1950,10/02/1954,Korean War,No,RQ000018,Rosalind Kirkbride,Self,CN=Ignatius Pardo/OU=CHPSID/O=TACOM,0,No,,,07/26/2013 23:34:22,Pass,07/28/2013 04:34:22,G10-3,08/01/2013 08:34:22,9405 5118 2031 1957 7399 56,08/08/2013 08:34:22,29,,,,Rosalind Kirkbride,4720 Cantonment Way Apt 26C,Colorado Springs,CO,80913,Replication/save conflict copy - see original document,07/09/2013 14:34 | (new) -> Authorized | HRC-Transfer;07/26/2013 23:34 | Authorized -> Assembly/QC | Ret Hamlin;07/28/2013 04:34 | Assembly/QC -> Warehouse | Lorraine Whitcombe;08/01/2013 08:34 | Warehouse -> Shipped | Renata Vasquez-Holm;08/08/2013 08:34 | Shipped -> Closed | Benedetta Kowalczyk,[TACOM];[CSR];[Admin];[ReadOnlyAudit];LocalDomainServers;CN=Ignatius Pardo/OU=CHPSID/O=TACOM,[TACOM];[CSR];[Admin],KIRKBRIDE|ROSALIND|80913,0,CN=Ret Hamlin/OU=CHPSID/O=TACOM,08/08/2013 08:34:22,
