UNID,NoteID,ParentUNID,Created,Modified,LastUpdatedBy,Attachments,ParentCaseNumber,ParentUNID,VeteranName,LineNumber,AwardName,AwardCode,AwardCategory,Quantity,SetType,Devices,DeviceCount,Engrave,EngravingText,StockNumber,LineStatus,BackorderETA,Authority,DocReaders,LineKey
5ADA1C70612874594F2B627A317ECE4E,NT000141,33EA82D2E5D8360F35B1C7F4D1ABF1E2,05/24/2015 08:44:38,06/25/2015 21:38:38,CN=Ret Hamlin/OU=CHPSID/O=TACOM,,VMA-2015-000001,8D5DE56037F99AD11DD989D7665BC839,"Sandoval, Theresa",1,Humanitarian Service Medal,HSM,Medal,1,Full Size + Miniature,Bronze service star,2,No,,8455-00-065-2882,Shipped,,Permanent Orders 118-04,[TACOM];[CSR];[Admin];[ReadOnlyAudit];LocalDomainServers;CN=Benedetta Kowalczyk/OU=CHPSID/O=TACOM,VMA-2015-000001|01
D721ACCE2E6925C93E8CFD5F709E1F57,NT000142,33EA82D2E5D8360F35B1C7F4D1ABF1E2,05/24/2015 09:01:38,06/25/2015 21:38:38,CN=Lorraine Whitcombe/OU=CHPSID/O=TACOM,,VMA-2015-000001,33EA82D2E5D8360F35B1C7F4D1ABF1E2,"Sandoval, Theresa",2,Overseas Service Ribbon,OSR,Ribbon,1,Full Size,"""V"" device",1,No,,8455-01-109-3566,Shipped,,"DD Form 214, block 24",[TACOM];[CSR];[Admin];[ReadOnlyAudit];LocalDomainServers;CN=Cletus Marchbanks/OU=CHPSID/O=TACOM,VMA-2015-000001|02
4FB25E602213D5A3C63B43A8F1D83EAC,NT000143,05359F78F61E51B282DB016F23F88162,08/28/2012 17:10:06,09/29/2012 06:52:06,CN=Dwayne Petrakis/OU=CHPSID/O=TACOM,,VMA-2012-000001,5B23CF43DB73E276C34DC4790446870A,"Sandoval, Harold",1,Philippine Liberation Medal,PLM,Medal,1,Full Size,Bronze service star,2,No,,8455-00-412-9671,Shipped,,Permanent Orders 118-04,[TACOM];[CSR];[Admin];[ReadOnlyAudit];LocalDomainServers;CN=Lorraine Whitcombe/OU=CHPSID/O=TACOM,VMA-2012-000001|01
59F7310B065B56E704D96ED07C261FFA,NT000144,05359F78F61E51B282DB016F23F88162,08/28/2012 16:54:06,09/29/2012 06:52:06,CN=Yolanda Strickland-Oby/OU=CHPSID/O=TACOM,,VMA-2012-000001,05359F78F61E51B282DB016F23F88162,"Sandoval, Harold",2,Bronze Star Medal,BSM,Medal,1,Full Size,Arrowhead,1,No,,8455-01-499-3345,COMPLETE,,NA Form 13038,[TACOM];[CSR];[Admin];[ReadOnlyAudit];LocalDomainServers;CN=Dwayne Petrakis/OU=CHPSID/O=TACOM,VMA-2012-000001|02
24B8BE027CC66CF6AA768DCFDDD35F2B,NT000145,05359F78F61E51B282DB016F23F88162,08/28/2012 17:18:06,09/29/2012 06:52:06,CN=Cletus Marchbanks/OU=CHPSID/O=TACOM,,VMA-2012-000001,05359F78F61E51B282DB016F23F88162,"Sandoval, Harold",3,American Defense Service Medal,ADSM,Medal,1,Ribbon Only,,0,No,,8455-01-469-1178,Complete,,"DD Form 214, block 24",[TACOM];[CSR];[Admin];[ReadOnlyAudit];LocalDomainServers;CN=Ret Hamlin/OU=CHPSID/O=TACOM,VMA-2012-000001|03
8B2521E69019115313C21FB3A7808567,NT000146,F635D98F8A39C668F07A1B1CE86A9375,10/25/2024 10:38:03,11/21/2024 21:29:03,CN=Ret Hamlin/OU=CHPSID/O=TACOM,,VMA-2024-000001,F635D98F8A39C668F07A1B1CE86A9375,"Abernathy, Margaret",1,Republic of Korea War Service Medal,ROKWSM,Medal,1,Full Size,,0,Yes,M. F. ABERNATHY,8455-00-173-0532,Closed,,HRC Awards and Decorations Branch letter,[TACOM];[CSR];[Admin];[ReadOnlyAudit];LocalDomainServers;CN=Yolanda Strickland-Oby/OU=CHPSID/O=TACOM,VMA-2024-000001|01
44E7481AD6F0310A7726585F85535D41,NT000147,F635D98F8A39C668F07A1B1CE86A9375,10/25/2024 10:50:03,11/21/2024 21:29:03,CN=Dwayne Petrakis/OU=CHPSID/O=TACOM,,VMA-2024-000001,F635D98F8A39C668F07A1B1CE86A9375,"Abernathy, Margaret",2,United Nations Service Medal (Korea),UNSMK,Medal,1,Ribbon Only,Arrowhead,1,Yes,M. F. ABERNATHY,8455-00-960-8472,Complete,,"DD Form 214, block 24",[TACOM];[CSR];[Admin];[ReadOnlyAudit];LocalDomainServers;CN=Yolanda Strickland-Oby/OU=CHPSID/O=TACOM,VMA-2024-000001|02
763240522FB13280FC7FEA3DA45D066F,NT000148,F635D98F8A39C668F07A1B1CE86A9375,10/25/2024 10:35:03,11/21/2024 21:29:03,CN=Ignatius Pardo/OU=CHPSID/O=TACOM,,VMA-2024-000001,F635D98F8A39C668F07A1B1CE86A9375,"Abernathy, Margaret",3,Bronze Star Medal,BSM,Medal,1,Miniature,,0,No,,8455-00-511-8380,Shipped,,WD AGO Form 53-55,[TACOM];[CSR];[Admin];[ReadOnlyAudit];LocalDomainServers;CN=Yolanda Strickland-Oby/OU=CHPSID/O=TACOM,VMA-2024-000001|03
C83A80C9AB86C926A067D312610FA9E9,NT000149,CABB05E64E121462CA545210F59D21CE,11/19/2017 14:00:10,12/11/2017 05:48:10,CN=Benedetta Kowalczyk/OU=CHPSID/O=TACOM,,VMA-2017-000001,CABB05E64E121462CA545210F59D21CE,"Mabry, Margaret",1,Army Good Conduct Medal,GCM,Medal,1,Ribbon Only,Bronze service star,2,No,,8455-00-322-5983,Shipped,,"DD Form 214, block 13",[TACOM];[CSR];[Admin];[ReadOnlyAudit];LocalDomainServers;CN=Benedetta Kowalczyk/OU=CHPSID/O=TACOM,VMA-2017-000001|01
9A9D485F3D7DB21E1325D7738B5ABA6A,NT000150,CABB05E64E121462CA545210F59D21CE,11/19/2017 14:02:10,12/11/2017 05:48:10,CN=Renata Vasquez-Holm/OU=CHPSID/O=TACOM,,VMA-2017-000001,CABB05E64E121462CA545210F59D21CE,"Mabry, Margaret",2,Republic of Vietnam Gallantry Cross Unit Citation,RVNGC,Unit Award,1,Full Size,"""V"" device",1,No,,8455-01-147-6423,Complete,,WD AGO Form 53-55,[TACOM];[CSR];[Admin];[ReadOnlyAudit];LocalDomainServers;CN=Yolanda Strickland-Oby/OU=CHPSID/O=TACOM,VMA-2017-000001|02
01CA5F8BBF72D371D2C73657B21EF986,NT000151,CABB05E64E121462CA545210F59D21CE,11/19/2017 13:51:10,12/11/2017 05:48:10,CN=Yolanda Strickland-Oby/OU=CHPSID/O=TACOM,,VMA-2017-000001,CABB05E64E121462CA545210F59D21CE,"Mabry, Margaret",3,Combat Infantryman Badge,CIB,Badge,1,Full Size,Bronze oak leaf cluster,1,No,,8455-00-887-7375,Shipped,,Permanent Orders 118-04,[TACOM];[CSR];[Admin];[ReadOnlyAudit];LocalDomainServers;CN=Benedetta Kowalczyk/OU=CHPSID/O=TACOM,VMA-2017-000001|03
65B9B63073383825F0BAAB5D1BB9B783,NT000152,B24B09DC71E32BFB562F44957CF41779,06/15/2023 15:28:03,07/20/2023 05:18:03,CN=Lorraine Whitcombe/OU=CHPSID/O=TACOM,,VMA-2023-000001,B24B09DC71E32BFB562F44957CF41779,"Wentworth, Emmett",1,Purple Heart,PH,Medal,1,Miniature,,0,No,,8455-01-634-8625,Complete,,"DD Form 214, block 24",[TACOM];[CSR];[Admin];[ReadOnlyAudit];LocalDomainServers;CN=Benedetta Kowalczyk/OU=CHPSID/O=TACOM,VMA-2023-000001|01
D446E7DB9EC392552C0F7B45A975C990,NT000153,B24B09DC71E32BFB562F44957CF41779,06/15/2023 15:25:03,07/20/2023 05:18:03,CN=Ret Hamlin/OU=CHPSID/O=TACOM,,VMA-2023-000001,B24B09DC71E32BFB562F44957CF41779,"Wentworth, Emmett",2,Republic of Korea War Service Medal,ROKWSM,Medal,1,Miniature,Bronze service star,2,No,,8455-00-765-1408,Shipped,,HRC Awards and Decorations Branch letter,[TACOM];[CSR];[Admin];[ReadOnlyAudit];LocalDomainServers;CN=Ignatius Pardo/OU=CHPSID/O=TACOM,VMA-2023-000001|02
A524B743A817897E8C9FA34644EF269E,NT000154,9D2A3D3C44B4010B11DFE0E8E8A0C270,06/13/2024 17:05:04,07/12/2024 08:48:04,CN=Lorraine Whitcombe/OU=CHPSID/O=TACOM,,VMA-2024-000002,9D2A3D3C44B4010B11DFE0E8E8A0C270,"Prentiss, Vernon",1,Republic of Korea War Service Medal,ROKWSM,Medal,1,Full Size,,0,No,,8455-00-612-3073,Complete,,WD AGO Form 53-55,[TACOM];[CSR];[Admin];[ReadOnlyAudit];LocalDomainServers;CN=Dwayne Petrakis/OU=CHPSID/O=TACOM,VMA-2024-000002|01
DA11BFB98984F606D7B5E08DD3451113,NT000155,9D2A3D3C44B4010B11DFE0E8E8A0C270,06/13/2024 16:54:04,07/12/2024 08:48:04,CN=Cletus Marchbanks/OU=CHPSID/O=TACOM,,VMA-2024-000002,9D2A3D3C44B4010B11DFE0E8E8A0C270,"Prentiss, Vernon",2,Korean Service Medal,KSM,Medal,1,Full Size,,0,Yes,V. PRENTISS,8455-01-155-0149,COMPLETE,,"DD Form 214, block 24",[TACOM];[CSR];[Admin];[ReadOnlyAudit];LocalDomainServers;CN=Lorraine Whitcombe/OU=CHPSID/O=TACOM,VMA-2024-000002|02
7038A37D616C88179EE8EBA46B32AC21,NT000156,802B06156ABB0AC978A440680B22F0D8,01/12/2006 17:46:07,02/03/2006 10:30:07,CN=Lorraine Whitcombe/OU=CHPSID/O=TACOM,,VMA-2006-000001,802B06156ABB0AC978A440680B22F0D8,"Kettering, Yvonne",1,National Defense Service Medal,NDSM,Medal,1,Full Size,Bronze service star,2,No,,8455-00-122-6156,Closed,,Permanent Orders 118-04,[TACOM];[CSR];[Admin];[ReadOnlyAudit];LocalDomainServers;CN=Lorraine Whitcombe/OU=CHPSID/O=TACOM,VMA-2006-000001|01
C3F9EEF3D3406D684AD1B8CEB149613F,NT000157,802B06156ABB0AC978A440680B22F0D8,01/12/2006 17:59:07,02/03/2006 10:30:07,CN=Ignatius Pardo/OU=CHPSID/O=TACOM,,VMA-2006-000001,802B06156ABB0AC978A440680B22F0D8,"Kettering, Yvonne",2,Army Service Ribbon,ASR,Ribbon,1,Full Size + Miniature,,0,No,,8455-00-669-4273,Complete,,WD AGO Form 53-55,[TACOM];[CSR];[Admin];[ReadOnlyAudit];LocalDomainServers;CN=Ignatius Pardo/OU=CHPSID/O=TACOM,VMA-2006-000001|02
57FB1451D8C531EC1E8BCC77E66E49AC,NT000158,802B06156ABB0AC978A440680B22F0D8,01/12/2006 18:00:07,02/03/2006 10:30:07,CN=Benedetta Kowalczyk/OU=CHPSID/O=TACOM,,VMA-2006-000001,802B06156ABB0AC978A440680B22F0D8,"Kettering, Yvonne",3,Southwest Asia Service Medal,SWASM,Medal,1,Full Size,,0,No,,8455-01-961-8413,Closed,,"DD Form 214, block 24",[TACOM];[CSR];[Admin];[ReadOnlyAudit];LocalDomainServers;CN=Dwayne Petrakis/OU=CHPSID/O=TACOM,VMA-2006-000001|03
2FEB3642D3CDD9598DF18C876984A74C,NT000159,802B06156ABB0AC978A440680B22F0D8,01/12/2006 17:55:07,02/03/2006 10:30:07,CN=Cletus Marchbanks/OU=CHPSID/O=TACOM,,VMA-2006-000001,802B06156ABB0AC978A440680B22F0D8,"Kettering, Yvonne",4,Armed Forces Expeditionary Medal,AFEM,Medal,1,Full Size,"""V"" device",1,No,,8455-00-642-5449,Shipped,,"DD Form 214, block 24",[TACOM];[CSR];[Admin];[ReadOnlyAudit];LocalDomainServers;CN=Ignatius Pardo/OU=CHPSID/O=TACOM,VMA-2006-000001|04
51349F5A74644D801DF9397057D96925,NT000160,B7A906E930151A5A371E332E1FAE0BE6,07/09/2013 14:59:22,08/08/2013 08:34:22,CN=Cletus Marchbanks/OU=CHPSID/O=TACOM,,VMA-2013-000001,B7A906E930151A5A371E332E1FAE0BE6,"Kirkbride, Rosalind",1,Army Good Conduct Medal,GCM,Medal,1,Ribbon Only,,0,No,,8455-00-055-4816,Shipped,,"DD Form 214, block 24",[TACOM];[CSR];[Admin];[ReadOnlyAudit];LocalDomainServers;CN=Yolanda Strickland-Oby/OU=CHPSID/O=TACOM,VMA-2013-000001|01
7BC2603FE0D1A740C513207605C1498F,NT000161,B7A906E930151A5A371E332E1FAE0BE6,07/09/2013 14:40:22,08/08/2013 08:34:22,CN=Ret Hamlin/OU=CHPSID/O=TACOM,,VMA-2013-000001,B7A906E930151A5A371E332E1FAE0BE6,"Kirkbride, Rosalind",2,Purple Heart,PH,Medal,1,Miniature,Arrowhead,1,No,,8455-01-034-0090,Complete,,HRC Awards and Decorations Branch letter,[TACOM];[CSR];[Admin];[ReadOnlyAudit];LocalDomainServers;CN=Ret Hamlin/OU=CHPSID/O=TACOM,VMA-2013-000001|02
B86A2936F471D10D3309EC7705BC7365,NT000162,F374076ABBF2095247A2CE2FC9F30494,07/14/2020 14:03:34,08/17/2020 01:41:34,CN=Oswaldo Ferreira-Lund/OU=CHPSID/O=TACOM,,VMA-2020-000001,F374076ABBF2095247A2CE2FC9F30494,"Ybarra, Darnell",1,Army Good Conduct Medal,GCM,Medal,1,Full Size,Bronze oak leaf cluster,1,No,,8455-00-363-1421,COMPLETE,,Permanent Orders 118-04,[TACOM];[CSR];[Admin];[ReadOnlyAudit];LocalDomainServers;CN=Dwayne Petrakis/OU=CHPSID/O=TACOM,VMA-2020-000001|01
F83B9C44B2FE7B03279C303F861D2FFB,NT000163,F374076ABBF2095247A2CE2FC9F30494,07/14/2020 13:45:34,08/17/2020 01:41:34,CN=Dwayne Petrakis/OU=CHPSID/O=TACOM,,VMA-2020-000001,F374076ABBF2095247A2CE2FC9F30494,"Ybarra, Darnell",2,Korean Service Medal,KSM,Medal,1,Full Size,"""V"" device",1,No,,8455-00-338-8359,Shipped,,HRC Awards and Decorations Branch letter,[TACOM];[CSR];[Admin];[ReadOnlyAudit];LocalDomainServers;CN=Benedetta Kowalczyk/OU=CHPSID/O=TACOM,VMA-2020-000001|02
737033F988045A1EAB53F42BD41529C5,NT000164,10BCE6FDA12923CE90A46FEEB121A727,04/02/2004 09:02:45,04/28/2004 01:00:45,CN=Renata Vasquez-Holm/OU=CHPSID/O=TACOM,,VMA-2004-000001,10BCE6FDA12923CE90A46FEEB121A727,"Delgadillo, Cassandra",1,Bronze Star Medal,BSM,Medal,1,Full Size,Bronze oak leaf cluster,1,Yes,C. DELGADILLO,8455-01-555-6756,Shipped,,"DD Form 214, block 13",[TACOM];[CSR];[Admin];[ReadOnlyAudit];LocalDomainServers;CN=Dwayne Petrakis/OU=CHPSID/O=TACOM,VMA-2004-000001|01
3BFA3229E576EA6AF8CF8230886BEA88,NT000165,10BCE6FDA12923CE90A46FEEB121A727,04/02/2004 09:26:45,04/28/2004 01:00:45,CN=Cletus Marchbanks/OU=CHPSID/O=TACOM,,VMA-2004-000001,10BCE6FDA12923CE90A46FEEB121A727,"Delgadillo, Cassandra",2,Air Medal,AM,Medal,1,Full Size,Bronze service star,2,Yes,C. DELGADILLO,8455-00-851-8389,Closed,,HRC Awards and Decorations Branch letter,[TACOM];[CSR];[Admin];[ReadOnlyAudit];LocalDomainServers;CN=Ignatius Pardo/OU=CHPSID/O=TACOM,VMA-2004-000001|02
9351F729E680E65BCCAFE6022AAFA86A,NT000166,8D5DE56037F99AD11DD989D7665BC839,09/29/2006 17:03:34,10/19/2006 09:35:34,CN=Lorraine Whitcombe/OU=CHPSID/O=TACOM,,VMA-2006-000002,8D5DE56037F99AD11DD989D7665BC839,"Rasmussen, Roderick",1,Army Achievement Medal,AAM,Medal,2,Full Size + Miniature,Bronze oak leaf cluster,1,Yes,R. R. RASMUSSEN,8455-01-211-7819,COMPLETE,,WD AGO Form 53-55,[TACOM];[CSR];[Admin];[ReadOnlyAudit];LocalDomainServers;CN=Ignatius Pardo/OU=CHPSID/O=TACOM,VMA-2006-000002|01
B2A511F97EA5BE08066D1E6C1B14A92C,NT000167,8D5DE56037F99AD11DD989D7665BC839,09/29/2006 16:55:34,10/19/2006 09:35:34,CN=Yolanda Strickland-Oby/OU=CHPSID/O=TACOM,,VMA-2006-000002,8D5DE56037F99AD11DD989D7665BC839,"Rasmussen, Roderick",2,Army Good Conduct Medal,GCM,Medal,1,Full Size,"""V"" device",1,Yes,R. R. RASMUSSEN,8455-01-109-7182,Shipped,,"DD Form 214, block 24",[TACOM];[CSR];[Admin];[ReadOnlyAudit];LocalDomainServers;CN=Benedetta Kowalczyk/OU=CHPSID/O=TACOM,VMA-2006-000002|02
7D5E6D0D36D744944BA858A1228EB33E,NT000168,8D5DE56037F99AD11DD989D7665BC839,09/29/2006 17:01:34,10/19/2006 09:35:34,CN=Ignatius Pardo/OU=CHPSID/O=TACOM,,VMA-2006-000002,8D5DE56037F99AD11DD989D7665BC839,"Rasmussen, Roderick",3,Army Service Ribbon,ASR,Ribbon,2,Ribbon Only,"""V"" device",1,No,,8455-00-559-6829,Complete,,"DD Form 214, block 13",[TACOM];[CSR];[Admin];[ReadOnlyAudit];LocalDomainServers;CN=Lorraine Whitcombe/OU=CHPSID/O=TACOM,VMA-2006-000002|03
2F131E9547DB8F35D8F69776DE248B23,NT000169,5B23CF43DB73E276C34DC4790446870A,08/17/2017 11:00:39,09/19/2017 22:58:39,CN=Ret Hamlin/OU=CHPSID/O=TACOM,,VMA-2017-000002,5B23CF43DB73E276C34DC4790446870A,"Nakashima, Tyler",1,Army Good Conduct Medal,GCM,Medal,1,Full Size,Arrowhead,1,No,,8455-00-504-7540,COMPLETE,,Permanent Orders 118-04,[TACOM];[CSR];[Admin];[ReadOnlyAudit];LocalDomainServers;CN=Dwayne Petrakis/OU=CHPSID/O=TACOM,VMA-2017-000002|01
1333E845D5C2C6C73C5EC2A5FA7BCBDB,NT000170,730BAD5CF1AFA65F013ACD1FE6F706A1,09/28/2011 10:10:56,10/22/2011 23:02:56,CN=Ignatius Pardo/OU=CHPSID/O=TACOM,,VMA-2011-000001,730BAD5CF1AFA65F013ACD1FE6F706A1,"Abernathy, Raymond",1,Combat Infantryman Badge,CIB,Badge,2,Full Size,Bronze service star,2,No,,8455-01-645-8805,Shipped,,WD AGO Form 53-55,[TACOM];[CSR];[Admin];[ReadOnlyAudit];LocalDomainServers;CN=Yolanda Strickland-Oby/OU=CHPSID/O=TACOM,VMA-2011-000001|01
F2F0E774E5163978DE1650A725EB1DA0,NT000171,966F14FE7ED92ABEC36C9A97ABE43ED5,07/18/2024 16:28:49,08/19/2024 00:03:49,CN=Benedetta Kowalczyk/OU=CHPSID/O=TACOM,,VMA-2024-000003,966F14FE7ED92ABEC36C9A97ABE43ED5,"Yarbrough, Lucille",1,Asiatic-Pacific Campaign Medal,APCM,Medal,1,Ribbon Only,"""V"" device",1,No,,8455-00-884-8856,Complete,,"DD Form 214, block 13",[TACOM];[CSR];[Admin];[ReadOnlyAudit];LocalDomainServers;CN=Ignatius Pardo/OU=CHPSID/O=TACOM,VMA-2024-000003|01
962F65598FA1C66D12BDC14CAE90B61D,NT000172,1C0FCE97BFC062ECE6AC115B330B7C39,09/23/2011 10:08:08,10/18/2011 03:50:08,CN=Ignatius Pardo/OU=CHPSID/O=TACOM,,VMA-2011-000002,1C0FCE97BFC062ECE6AC115B330B7C39,"Pemberton, Walter",1,Army Commendation Medal,ARCOM,Medal,2,Miniature,,0,No,,8455-00-660-1502,Shipped,,Permanent Orders 118-04,[TACOM];[CSR];[Admin];[ReadOnlyAudit];LocalDomainServers;CN=Benedetta Kowalczyk/OU=CHPSID/O=TACOM,VMA-2011-000002|01
B2415980AC21357D40DCE49E97ED85BF,NT000173,1C0FCE97BFC062ECE6AC115B330B7C39,09/23/2011 09:52:08,10/18/2011 03:50:08,CN=Ret Hamlin/OU=CHPSID/O=TACOM,,VMA-2011-000002,1C0FCE97BFC062ECE6AC115B330B7C39,"Pemberton, Walter",2,Meritorious Service Medal,MSM,Medal,1,Full Size,,0,No,,8455-00-643-9120,Closed,,"DD Form 214, block 13",[TACOM];[CSR];[Admin];[ReadOnlyAudit];LocalDomainServers;CN=Renata Vasquez-Holm/OU=CHPSID/O=TACOM,VMA-2011-000002|02
B2248CD69C67E532E8A23A66E42A730E,NT000174,1C0FCE97BFC062ECE6AC115B330B7C39,09/23/2011 09:54:08,10/18/2011 03:50:08,CN=Benedetta Kowalczyk/OU=CHPSID/O=TACOM,,VMA-2011-000002,1C0FCE97BFC062ECE6AC115B330B7C39,"Pemberton, Walter",3,Korea Defense Service Medal,KDSM,Medal,1,Full Size,Arrowhead,1,No,,8455-00-324-2568,Closed,,"DD Form 214, block 24",[TACOM];[CSR];[Admin];[ReadOnlyAudit];LocalDomainServers;CN=Renata Vasquez-Holm/OU=CHPSID/O=TACOM,VMA-2011-000002|03
A5F073C2E74908ABA44556AC12FFE783,NT000175,263CAB1DC5DCB1BED666AE2683026E47,08/14/2021 17:03:55,09/13/2021 01:57:55,CN=Renata Vasquez-Holm/OU=CHPSID/O=TACOM,,VMA-2021-000001,263CAB1DC5DCB1BED666AE2683026E47,"Northway, Bernice",1,Armed Forces Reserve Medal,AFRM,Medal,1,Miniature,"""V"" device",1,No,,8455-01-174-5648,Closed,,HRC Awards and Decorations Branch letter,[TACOM];[CSR];[Admin];[ReadOnlyAudit];LocalDomainServers;CN=Ret Hamlin/OU=CHPSID/O=TACOM,VMA-2021-000001|01
AEA3F66CA43DF2A2D72D6A9715574DE0,NT000176,E3FCD27FB2E182749A7FB3950214EBEC,02/27/2010 18:04:24,04/05/2010 15:44:24,CN=Ret Hamlin/OU=CHPSID/O=TACOM,,VMA-2010-000001,E3FCD27FB2E182749A7FB3950214EBEC,"Villarreal, Harold",1,Army Achievement Medal,AAM,Medal,1,Miniature,,0,No,,8455-01-580-1274,COMPLETE,,NA Form 13038,[TACOM];[CSR];[Admin];[ReadOnlyAudit];LocalDomainServers;CN=Dwayne Petrakis/OU=CHPSID/O=TACOM,VMA-2010-000001|01
183998952F1E50BDB22829EDCC2CD33B,NT000177,E8F9371FEF242389D248A76CACCC7180,07/19/2021 08:03:03,08/10/2021 18:47:03,CN=Renata Vasquez-Holm/OU=CHPSID/O=TACOM,,VMA-2021-000002,E8F9371FEF242389D248A76CACCC7180,"Wentworth, Theresa",1,Army Commendation Medal,ARCOM,Medal,1,Full Size,Bronze service star,2,No,,8455-00-233-9051,Shipped,,HRC Awards and Decorations Branch letter,[TACOM];[CSR];[Admin];[ReadOnlyAudit];LocalDomainServers;CN=Cletus Marchbanks/OU=CHPSID/O=TACOM,VMA-2021-000002|01
67E0C657D38BBC9E6B37D6FD21E9DE65,NT000178,5B8B9E4E8B07261BF565439B8360C981,10/28/2013 10:10:01,11/24/2013 19:44:01,CN=Lorraine Whitcombe/OU=CHPSID/O=TACOM,,VMA-2013-000002,5B8B9E4E8B07261BF565439B8360C981,"Delgadillo, Cassandra",1,Combat Infantryman Badge,CIB,Badge,1,Miniature,,0,No,,8455-00-923-9837,Shipped,,WD AGO Form 53-55,[TACOM];[CSR];[Admin];[ReadOnlyAudit];LocalDomainServers;CN=Cletus Marchbanks/OU=CHPSID/O=TACOM,VMA-2013-000002|01
7CEB743841FBA781E4854B65D279B82E,NT000179,5B8B9E4E8B07261BF565439B8360C981,10/28/2013 10:06:01,11/24/2013 19:44:01,CN=Oswaldo Ferreira-Lund/OU=CHPSID/O=TACOM,,VMA-2013-000002,5B8B9E4E8B07261BF565439B8360C981,"Delgadillo, Cassandra",2,European-African-Middle Eastern Campaign Medal,EAMECM,Medal,2,Full Size,Arrowhead,1,Yes,C. R. DELGADILLO,8455-00-524-3184,COMPLETE,,WD AGO Form 53-55,[TACOM];[CSR];[Admin];[ReadOnlyAudit];LocalDomainServers;CN=Dwayne Petrakis/OU=CHPSID/O=TACOM,VMA-2013-000002|02
0ABFE2A9C08CD628F3856098E99632E4,NT000180,5B8B9E4E8B07261BF565439B8360C981,10/28/2013 10:04:01,11/24/2013 19:44:01,CN=Cletus Marchbanks/OU=CHPSID/O=TACOM,,VMA-2013-000002,5B8B9E4E8B07261BF565439B8360C981,"Delgadillo, Cassandra",3,Philippine Liberation Medal,PLM,Medal,1,Full Size,Bronze service star,2,Yes,C. R. DELGADILLO,8455-00-651-0718,Complete,,WD AGO Form 53-55,[TACOM];[CSR];[Admin];[ReadOnlyAudit];LocalDomainServers;CN=Renata Vasquez-Holm/OU=CHPSID/O=TACOM,VMA-2013-000002|03
803A16052FC972043882859D49635838,NT000181,B4596FA1D3BD800801AFFBE825B64828,02/25/2004 17:08:02,04/02/2004 03:55:02,CN=Ret Hamlin/OU=CHPSID/O=TACOM,,VMA-2004-000002,B4596FA1D3BD800801AFFBE825B64828,"Abernathy, Betty",1,Vietnam Service Medal,VSM,Medal,1,Full Size + Miniature,Bronze oak leaf cluster,1,No,,8455-00-489-8208,Shipped,,"DD Form 214, block 13",[TACOM];[CSR];[Admin];[ReadOnlyAudit];LocalDomainServers;CN=Renata Vasquez-Holm/OU=CHPSID/O=TACOM,VMA-2004-000002|01
2F324002666793F36E88464CA2526D63,NT000182,7B3679DD99D7189245CB1929602E1917,02/02/2024 10:12:59,02/29/2024 01:03:59,CN=Ret Hamlin/OU=CHPSID/O=TACOM,,VMA-2024-000004,7B3679DD99D7189245CB1929602E1917,"YBARRA, Leonard",1,Army Achievement Medal,AAM,Medal,1,Miniature,"""V"" device",1,No,,8455-01-225-0491,Shipped,,"DD Form 214, block 24",[TACOM];[CSR];[Admin];[ReadOnlyAudit];LocalDomainServers;CN=Benedetta Kowalczyk/OU=CHPSID/O=TACOM,VMA-2024-000004|01
14EF3E530C1F16979ED57DC1CBBD1841,NT000183,7B3679DD99D7189245CB1929602E1917,02/02/2024 10:21:59,02/29/2024 01:03:59,CN=Dwayne Petrakis/OU=CHPSID/O=TACOM,,VMA-2024-000004,7B3679DD99D7189245CB1929602E1917,"YBARRA, Leonard",2,Armed Forces Service Medal,AFSM,Medal,1,Full Size,Bronze service star,2,No,,8455-00-402-1189,Shipped,,WD AGO Form 53-55,[TACOM];[CSR];[Admin];[ReadOnlyAudit];LocalDomainServers;CN=Ignatius Pardo/OU=CHPSID/O=TACOM,VMA-2024-000004|02
706E66F13BDF4750E5059184108C71B6,NT000184,7B3679DD99D7189245CB1929602E1917,02/02/2024 10:11:59,02/29/2024 01:03:59,CN=Benedetta Kowalczyk/OU=CHPSID/O=TACOM,,VMA-2024-000004,7B3679DD99D7189245CB1929602E1917,"YBARRA, Leonard",3,Iraq Campaign Medal,ICM,Medal,1,Full Size,,0,No,,8455-00-280-1606,Shipped,,"DD Form 214, block 24",[TACOM];[CSR];[Admin];[ReadOnlyAudit];LocalDomainServers;CN=Benedetta Kowalczyk/OU=CHPSID/O=TACOM,VMA-2024-000004|03
CBD912135D18C4F95F236A107DFCE53B,NT000185,6EA321DBFE6AF81BEB9B7D337D63E7DE,12/10/2017 14:02:15,01/12/2018 06:49:15,CN=Renata Vasquez-Holm/OU=CHPSID/O=TACOM,,VMA-2017-000003,6EA321DBFE6AF81BEB9B7D337D63E7DE,"Mabry, Emmett",1,Bronze Star Medal,BSM,Medal,1,Full Size,"""V"" device",1,No,,8455-00-070-2732,Shipped,,NA Form 13038,[TACOM];[CSR];[Admin];[ReadOnlyAudit];LocalDomainServers;CN=Dwayne Petrakis/OU=CHPSID/O=TACOM,VMA-2017-000003|01
C5FEB355DB1317A2A2A29CD0D9473092,NT000186,CBD77CC72C3874026ED761FFD0B8C03D,10/03/2023 11:33:40,11/07/2023 20:07:40,CN=Renata Vasquez-Holm/OU=CHPSID/O=TACOM,,VMA-2023-000002,CBD77CC72C3874026ED761FFD0B8C03D,"Fairweather, Marcus",1,Bronze Star Medal,BSM,Medal,1,Miniature,Bronze oak leaf cluster,1,No,,8455-00-852-8564,Complete,,"DD Form 214, block 13",[TACOM];[CSR];[Admin];[ReadOnlyAudit];LocalDomainServers;CN=Dwayne Petrakis/OU=CHPSID/O=TACOM,VMA-2023-000002|01
39C7AAA5F8C08ABE34DA54977A293B9C,NT000187,CBD77CC72C3874026ED761FFD0B8C03D,10/03/2023 11:33:40,11/07/2023 20:07:40,CN=Renata Vasquez-Holm/OU=CHPSID/O=TACOM,,VMA-2023-000002,CBD77CC72C3874026ED761FFD0B8C03D,"Fairweather, Marcus",2,Army Good Conduct Medal,GCM,Medal,2,Full Size + Miniature,Arrowhead,1,No,,8455-00-729-8282,Closed,,"DD Form 214, block 13",[TACOM];[CSR];[Admin];[ReadOnlyAudit];LocalDomainServers;CN=Renata Vasquez-Holm/OU=CHPSID/O=TACOM,VMA-2023-000002|02
A308B216CF6A67FBCE5AA67F54082263,NT000188,CBD77CC72C3874026ED761FFD0B8C03D,10/03/2023 11:12:40,11/07/2023 20:07:40,CN=Yolanda Strickland-Oby/OU=CHPSID/O=TACOM,,VMA-2023-000002,CBD77CC72C3874026ED761FFD0B8C03D,"Fairweather, Marcus",3,Republic of Vietnam Gallantry Cross Unit Citation,RVNGC,Unit Award,1,Ribbon Only,,0,No,,8455-00-128-8335,Shipped,,NA Form 13038,[TACOM];[CSR];[Admin];[ReadOnlyAudit];LocalDomainServers;CN=Cletus Marchbanks/OU=CHPSID/O=TACOM,VMA-2023-000002|03
3C82CB55A5ABDF2423ACCE6AD699AC8B,NT000189,CBD77CC72C3874026ED761FFD0B8C03D,10/03/2023 11:37:40,11/07/2023 20:07:40,CN=Benedetta Kowalczyk/OU=CHPSID/O=TACOM,,VMA-2023-000002,CBD77CC72C3874026ED761FFD0B8C03D,"Fairweather, Marcus",4,Vietnam Service Medal,VSM,Medal,1,Full Size,,0,No,,8455-01-914-0962,COMPLETE,,WD AGO Form 53-55,[TACOM];[CSR];[Admin];[ReadOnlyAudit];LocalDomainServers;CN=Ret Hamlin/OU=CHPSID/O=TACOM,VMA-2023-000002|04
0FA077A1AE3E90E637421F6243B69DDF,NT000190,19573EEC7D22839F8DC757186A464C4B,03/18/2022 09:19:20,04/13/2022 17:59:20,CN=Ignatius Pardo/OU=CHPSID/O=TACOM,,VMA-2022-000001,19573EEC7D22839F8DC757186A464C4B,"Kettering, Emmett",1,Parachutist Badge,PB,Badge,1,Full Size,Arrowhead,1,No,,8455-00-682-7999,Closed,,HRC Awards and Decorations Branch letter,[TACOM];[CSR];[Admin];[ReadOnlyAudit];LocalDomainServers;CN=Benedetta Kowalczyk/OU=CHPSID/O=TACOM,VMA-2022-000001|01
BBC4FA83F3E75F68174D2522364333E8,NT000191,772738D9DA59875962F935D9B1709535,02/12/2020 14:11:07,03/01/2020 13:51:07,CN=Lorraine Whitcombe/OU=CHPSID/O=TACOM,,VMA-2020-000002,772738D9DA59875962F935D9B1709535,"Ingersoll, Alvin",1,Purple Heart,PH,Medal,1,Full Size + Miniature,Arrowhead,1,No,,8455-00-311-9708,Void,,"DD Form 214, block 13",[TACOM];[CSR];[Admin];[ReadOnlyAudit];LocalDomainServers;CN=Lorraine Whitcombe/OU=CHPSID/O=TACOM,VMA-2020-000002|01
CE319122120E91CDC6E20ACB8765D4E7,NT000192,772738D9DA59875962F935D9B1709535,02/12/2020 14:07:07,03/01/2020 13:51:07,CN=Renata Vasquez-Holm/OU=CHPSID/O=TACOM,,VMA-2020-000002,772738D9DA59875962F935D9B1709535,"Ingersoll, Alvin",2,Combat Infantryman Badge,CIB,Badge,1,Miniature,"""V"" device",1,No,,8455-00-987-3129,Cancelled,,HRC Awards and Decorations Branch letter,[TACOM];[CSR];[Admin];[ReadOnlyAudit];LocalDomainServers;CN=Dwayne Petrakis/OU=CHPSID/O=TACOM,VMA-2020-000002|02
26010ADFF0E9F4F0F36B6EB9A1695E68,NT000193,772738D9DA59875962F935D9B1709535,02/12/2020 14:11:07,03/01/2020 13:51:07,CN=Dwayne Petrakis/OU=CHPSID/O=TACOM,,VMA-2020-000002,772738D9DA59875962F935D9B1709535,"Ingersoll, Alvin",3,United Nations Service Medal (Korea),UNSMK,Medal,1,Full Size + Miniature,,0,No,,8455-01-383-0919,Cancelled,,"DD Form 214, block 13",[TACOM];[CSR];[Admin];[ReadOnlyAudit];LocalDomainServers;CN=Cletus Marchbanks/OU=CHPSID/O=TACOM,VMA-2020-000002|03
B4370E7D0B4E64F331B646A971F38FFA,NT000194,772738D9DA59875962F935D9B1709535,02/12/2020 14:10:07,03/01/2020 13:51:07,CN=Lorraine Whitcombe/OU=CHPSID/O=TACOM,,VMA-2020-000002,772738D9DA59875962F935D9B1709535,"Ingersoll, Alvin",4,Bronze Star Medal,BSM,Medal,1,Ribbon Only,Bronze oak leaf cluster,1,No,,8455-00-635-5116,Void,,HRC Awards and Decorations Branch letter,[TACOM];[CSR];[Admin];[ReadOnlyAudit];LocalDomainServers;CN=Lorraine Whitcombe/OU=CHPSID/O=TACOM,VMA-2020-000002|04
31F324C16E31751B2FEDD1F97E31C272,NT000195,D7D661930EA8B5784F149C4CA4BBCC60,06/25/2016 12:04:19,06/29/2016 11:56:19,CN=Ret Hamlin/OU=CHPSID/O=TACOM,,VMA-2016-000001,D7D661930EA8B5784F149C4CA4BBCC60,"Ingersoll, Cassandra",1,Combat Infantryman Badge,CIB,Badge,1,Full Size,,0,No,,8455-00-251-8673,Void,,"DD Form 214, block 13",[TACOM];[CSR];[Admin];[ReadOnlyAudit];LocalDomainServers;CN=Oswaldo Ferreira-Lund/OU=CHPSID/O=TACOM,VMA-2016-000001|01
D1720786928FE58C4A0052F58FE7910A,NT000196,D7D661930EA8B5784F149C4CA4BBCC60,06/25/2016 12:18:19,06/29/2016 11:56:19,CN=Dwayne Petrakis/OU=CHPSID/O=TACOM,,VMA-2016-000001,D7D661930EA8B5784F149C4CA4BBCC60,"Ingersoll, Cassandra",2,Honorable Service Lapel Button,HSLB,Lapel Button,1,Miniature,,0,Yes,C. E. INGERSOLL,8455-01-821-4165,Cancelled,,HRC Awards and Decorations Branch letter,[TACOM];[CSR];[Admin];[ReadOnlyAudit];LocalDomainServers;CN=Ret Hamlin/OU=CHPSID/O=TACOM,VMA-2016-000001|02
411F8E4DDF2C4931ED67B0792F4958DE,NT000197,D7D661930EA8B5784F149C4CA4BBCC60,06/25/2016 12:00:19,06/29/2016 11:56:19,CN=Oswaldo Ferreira-Lund/OU=CHPSID/O=TACOM,,VMA-2016-000001,D7D661930EA8B5784F149C4CA4BBCC60,"Ingersoll, Cassandra",3,Asiatic-Pacific Campaign Medal,APCM,Medal,1,Full Size,,0,Yes,C. E. INGERSOLL,8455-01-985-2591,Cancelled,,NA Form 13038,[TACOM];[CSR];[Admin];[ReadOnlyAudit];LocalDomainServers;CN=Ret Hamlin/OU=CHPSID/O=TACOM,VMA-2016-000001|03
AA2DE7CD685984EDAFE571B3205D51BE,NT000198,D2B7AC95DDC748A12A0EF396015C1197,07/19/2026 10:00:00,07/19/2026 09:36:00,CN=Cletus Marchbanks/OU=CHPSID/O=TACOM,,VMA-2026-000001,D2B7AC95DDC748A12A0EF396015C1197,"Hollingsworth, Vernon",1,Army Achievement Medal,AAM,Medal,1000,Full Size,"""V"" device",1,Yes,V. HOLLINGSWORTH,8455-00-817-3774,B/O,09/20/2026,"DD Form 214, block 24",[TACOM];[CSR];[Admin];[ReadOnlyAudit];LocalDomainServers;CN=Oswaldo Ferreira-Lund/OU=CHPSID/O=TACOM,VMA-2026-000001|01
50192EF93F13947F2E844217BEB1E0CE,NT000199,D2B7AC95DDC748A12A0EF396015C1197,07/19/2026 09:46:00,07/19/2026 09:36:00,CN=Ret Hamlin/OU=CHPSID/O=TACOM,,VMA-2026-000001,D2B7AC95DDC748A12A0EF396015C1197,"Hollingsworth, Vernon",2,National Defense Service Medal,NDSM,Medal,1,Miniature,Arrowhead,1,No,,8455-00-673-7449,Pending Pick,,"DD Form 214, block 13",[TACOM];[CSR];[Admin];[ReadOnlyAudit];LocalDomainServers;CN=Benedetta Kowalczyk/OU=CHPSID/O=TACOM,VMA-2026-000001|02
9BE4091DA69E39F6E3E98AD60AC08EB7,NT000200,D2B7AC95DDC748A12A0EF396015C1197,07/19/2026 09:40:00,07/19/2026 09:36:00,CN=Ignatius Pardo/OU=CHPSID/O=TACOM,,VMA-2026-000001,D2B7AC95DDC748A12A0EF396015C1197,"Hollingsworth, Vernon",3,Army Service Ribbon,ASR,Ribbon,1,Miniature,,0,No,,8455-00-673-1861,Open,,NA Form 13038,[TACOM];[CSR];[Admin];[ReadOnlyAudit];LocalDomainServers;CN=Lorraine Whitcombe/OU=CHPSID/O=TACOM,VMA-2026-000001|03
89DA369FB94881D07D66BB998163BAFE,NT000201,D2B7AC95DDC748A12A0EF396015C1197,07/19/2026 10:03:00,07/19/2026 09:36:00,CN=Ret Hamlin/OU=CHPSID/O=TACOM,,VMA-2026-000001,D2B7AC95DDC748A12A0EF396015C1197,"Hollingsworth, Vernon",4,Meritorious Service Medal,MSM,Medal,1,Full Size,Bronze oak leaf cluster,1,No,,8455-01-446-9744,Pending,,"DD Form 214, block 24",[TACOM];[CSR];[Admin];[ReadOnlyAudit];LocalDomainServers;CN=Yolanda Strickland-Oby/OU=CHPSID/O=TACOM,VMA-2026-000001|04
EE10ADF4712053B157C47E875C1E490A,NT000202,D2B7AC95DDC748A12A0EF396015C1197,07/19/2026 09:57:00,07/19/2026 09:36:00,CN=Renata Vasquez-Holm/OU=CHPSID/O=TACOM,,VMA-2026-000001,D2B7AC95DDC748A12A0EF396015C1197,"Hollingsworth, Vernon",5,Bronze Star Medal,BSM,Medal,1,Full Size,,0,Yes,V. HOLLINGSWORTH,8455-00-289-5949,Pending,,Permanent Orders 118-04,[TACOM];[CSR];[Admin];[ReadOnlyAudit];LocalDomainServers;CN=Renata Vasquez-Holm/OU=CHPSID/O=TACOM,VMA-2026-000001|05
3D7DC65D0E029C04AC4C1D9BC5F57FBF,NT000203,6980A53F326B0D230F7E1FA1966E73D5,08/05/2026 08:32:00,08/05/2026 08:06:00,CN=Ignatius Pardo/OU=CHPSID/O=TACOM,,VMA-2026-000002,6980A53F326B0D230F7E1FA1966E73D5,"Northway, Alvin",1,Military Outstanding Volunteer Service Medal,MOVSM,Medal,2,Full Size,,0,No,,8455-00-757-1380,B/O,10/28/2026,"DD Form 214, block 24",[TACOM];[CSR];[Admin];[ReadOnlyAudit];LocalDomainServers;CN=Yolanda Strickland-Oby/OU=CHPSID/O=TACOM,VMA-2026-000002|01
FFFF32710E58E76162728A3135523E27,NT000204,6980A53F326B0D230F7E1FA1966E73D5,08/05/2026 08:23:00,08/05/2026 08:06:00,CN=Ignatius Pardo/OU=CHPSID/O=TACOM,,VMA-2026-000002,6980A53F326B0D230F7E1FA1966E73D5,"Northway, Alvin",2,Combat Action Badge,CAB,Badge,2,Ribbon Only,Bronze service star,2,No,,8455-00-769-6414,Authorized,,HRC Awards and Decorations Branch letter,[TACOM];[CSR];[Admin];[ReadOnlyAudit];LocalDomainServers;CN=Renata Vasquez-Holm/OU=CHPSID/O=TACOM,VMA-2026-000002|02
B88AEFA78149FCCE3AFDBF63EFDA96DA,NT000205,F107CAB5C888FA5DDE1959251EDB0716,05/06/2026 09:55:00,05/06/2026 09:53:00,CN=Lorraine Whitcombe/OU=CHPSID/O=TACOM,,VMA-2026-000003,F107CAB5C888FA5DDE1959251EDB0716,"Ingersoll, Betty",1,Army Commendation Medal,ARCOM,Medal,1,Full Size,Bronze service star,2,Yes,B. T. INGERSOLL,8455-01-863-8177,B/O,09/27/2026,WD AGO Form 53-55,[TACOM];[CSR];[Admin];[ReadOnlyAudit];LocalDomainServers;CN=Cletus Marchbanks/OU=CHPSID/O=TACOM,VMA-2026-000003|01
0F4C92E51145F3A9EFAB5456A11CAB28,NT000206,F107CAB5C888FA5DDE1959251EDB0716,05/06/2026 10:16:00,05/06/2026 09:53:00,CN=Ret Hamlin/OU=CHPSID/O=TACOM,,VMA-2026-000003,F107CAB5C888FA5DDE1959251EDB0716,"Ingersoll, Betty",2,Air Medal,AM,Medal,1,Full Size,,0,Yes,B. T. INGERSOLL,8455-00-826-3517,Hold,,"DD Form 214, block 13",[TACOM];[CSR];[Admin];[ReadOnlyAudit];LocalDomainServers;CN=Oswaldo Ferreira-Lund/OU=CHPSID/O=TACOM,VMA-2026-000003|02
212444013AE8CFD77BD8B377B12AA47F,NT000207,F107CAB5C888FA5DDE1959251EDB0716,05/06/2026 10:02:00,05/06/2026 09:53:00,CN=Dwayne Petrakis/OU=CHPSID/O=TACOM,,VMA-2026-000003,F107CAB5C888FA5DDE1959251EDB0716,"Ingersoll, Betty",3,Combat Medical Badge,CMB,Badge,1,Full Size,,0,No,,8455-01-814-8232,Pending,,WD AGO Form 53-55,[TACOM];[CSR];[Admin];[ReadOnlyAudit];LocalDomainServers;CN=Oswaldo Ferreira-Lund/OU=CHPSID/O=TACOM,VMA-2026-000003|03
E1400FD5299626192DC38948CF07CA73,NT000208,F107CAB5C888FA5DDE1959251EDB0716,05/06/2026 10:14:00,05/06/2026 09:53:00,CN=Dwayne Petrakis/OU=CHPSID/O=TACOM,,VMA-2026-000003,F107CAB5C888FA5DDE1959251EDB0716,"Ingersoll, Betty",4,Vietnam Service Medal,VSM,Medal,1,Ribbon Only,,0,Yes,B. T. INGERSOLL,8455-00-455-9955,Open,,"DD Form 214, block 13",[TACOM];[CSR];[Admin];[ReadOnlyAudit];LocalDomainServers;CN=Renata Vasquez-Holm/OU=CHPSID/O=TACOM,VMA-2026-000003|04
D80ED953F956CA1F7257A14F8350BFBD,NT000209,F107CAB5C888FA5DDE1959251EDB0716,05/06/2026 10:17:00,05/06/2026 09:53:00,CN=Ignatius Pardo/OU=CHPSID/O=TACOM,,VMA-2026-000003,F107CAB5C888FA5DDE1959251EDB0716,"Ingersoll, Betty",5,Republic of Vietnam Gallantry Cross Unit Citation,RVNGC,Unit Award,1,Full Size,Arrowhead,1,No,,8455-01-732-2615,Pending,,"DD Form 214, block 24",[TACOM];[CSR];[Admin];[ReadOnlyAudit];LocalDomainServers;CN=Cletus Marchbanks/OU=CHPSID/O=TACOM,VMA-2026-000003|05
ECABB9A670F78580FEC95F0FEA7E236F,NT000210,0FC278BDDDA9175B4D004411025CD60F,06/18/2026 11:22:00,06/18/2026 11:08:00,CN=Yolanda Strickland-Oby/OU=CHPSID/O=TACOM,,VMA-2026-000004,0FC278BDDDA9175B4D004411025CD60F,"Ellsworth, Eugene",1,Philippine Liberation Medal,PLM,Medal,1,Full Size,,0,No,,8455-01-878-9691,Pending,,NA Form 13038,[TACOM];[CSR];[Admin];[ReadOnlyAudit];LocalDomainServers;CN=Yolanda Strickland-Oby/OU=CHPSID/O=TACOM,VMA-2026-000004|01
21B258E6FA5AD2F3B4EECEBF8E9912BD,NT000211,0FC278BDDDA9175B4D004411025CD60F,06/18/2026 11:21:00,06/18/2026 11:08:00,CN=Renata Vasquez-Holm/OU=CHPSID/O=TACOM,,VMA-2026-000004,0FC278BDDDA9175B4D004411025CD60F,"Ellsworth, Eugene",2,Combat Infantryman Badge,CIB,Badge,1,Miniature,Bronze service star,2,No,,8455-01-788-4128,Open,,"DD Form 214, block 24",[TACOM];[CSR];[Admin];[ReadOnlyAudit];LocalDomainServers;CN=Renata Vasquez-Holm/OU=CHPSID/O=TACOM,VMA-2026-000004|02
2079BA39F2C163FE81CC77BC5C8711D9,NT000212,185761F194F690EAB747A463296146D8,08/29/2026 10:15:00,08/29/2026 09:57:00,CN=Dwayne Petrakis/OU=CHPSID/O=TACOM,,VMA-2026-000005,185761F194F690EAB747A463296146D8,"Brannigan, Priscilla",1,Bronze Star Medal,BSM,Medal,1,Miniature,"""V"" device",1,No,,8455-01-547-6687,Pending,,HRC Awards and Decorations Branch letter,[TACOM];[CSR];[Admin];[ReadOnlyAudit];LocalDomainServers;CN=Lorraine Whitcombe/OU=CHPSID/O=TACOM,VMA-2026-000005|01
C42F8CF154BA235096BA90472AEE101A,NT000213,185761F194F690EAB747A463296146D8,08/29/2026 10:04:00,08/29/2026 09:57:00,CN=Renata Vasquez-Holm/OU=CHPSID/O=TACOM,,VMA-2026-000005,185761F194F690EAB747A463296146D8,"Brannigan, Priscilla",2,Combat Infantryman Badge,CIB,Badge,1,Miniature,,0,No,,8455-00-651-1806,Open,,"DD Form 214, block 24",[TACOM];[CSR];[Admin];[ReadOnlyAudit];LocalDomainServers;CN=Benedetta Kowalczyk/OU=CHPSID/O=TACOM,VMA-2026-000005|02
F2CCA8A701B9207298A610EC2A67AA10,NT000214,185761F194F690EAB747A463296146D8,08/29/2026 10:16:00,08/29/2026 09:57:00,CN=Ignatius Pardo/OU=CHPSID/O=TACOM,,VMA-2026-000005,185761F194F690EAB747A463296146D8,"Brannigan, Priscilla",3,National Defense Service Medal,NDSM,Medal,1,Miniature,"""V"" device",1,No,,8455-00-111-5588,Authorized,,HRC Awards and Decorations Branch letter,[TACOM];[CSR];[Admin];[ReadOnlyAudit];LocalDomainServers;CN=Benedetta Kowalczyk/OU=CHPSID/O=TACOM,VMA-2026-000005|03
552CC937621CCB20174D02B222623687,NT000215,1D1A92310C19C0195C36FFD31CD63257,02/08/2026 09:58:00,02/10/2026 11:44:00,CN=Renata Vasquez-Holm/OU=CHPSID/O=TACOM,,VMA-2026-000006,1D1A92310C19C0195C36FFD31CD63257,"Kowalski, Wanda",1,Southwest Asia Service Medal,SWASM,Medal,1,Ribbon Only,,0,No,,8455-01-542-3866,In Progress,,HRC Awards and Decorations Branch letter,[TACOM];[CSR];[Admin];[ReadOnlyAudit];LocalDomainServers;CN=Oswaldo Ferreira-Lund/OU=CHPSID/O=TACOM,VMA-2026-000006|01
25E7D11E490EA5E5A83CA037C6FF72EA,NT000216,1D1A92310C19C0195C36FFD31CD63257,02/08/2026 09:58:00,02/10/2026 11:44:00,CN=Yolanda Strickland-Oby/OU=CHPSID/O=TACOM,,VMA-2026-000006,1D1A92310C19C0195C36FFD31CD63257,"Kowalski, Wanda",2,Armed Forces Expeditionary Medal,AFEM,Medal,1,Full Size,,0,Yes,W. t. Kowalski,8455-01-531-2833,Engraving,,WD AGO Form 53-55,[TACOM];[CSR];[Admin];[ReadOnlyAudit];LocalDomainServers;CN=Ignatius Pardo/OU=CHPSID/O=TACOM,VMA-2026-000006|02
5F415BA96B905C56D86F61EF107879C7,NT000217,A5ED15850355B28AAA9364B5275C735D,07/04/2026 09:41:00,07/11/2026 10:15:00,CN=Lorraine Whitcombe/OU=CHPSID/O=TACOM,,VMA-2026-000007,A5ED15850355B28AAA9364B5275C735D,"Nordstrom, John",1,Republic of Korea War Service Medal,ROKWSM,Medal,1,Full Size,,0,No,,8455-00-930-2139,Engraving,,Permanent Orders 118-04,[TACOM];[CSR];[Admin];[ReadOnlyAudit];LocalDomainServers;CN=Oswaldo Ferreira-Lund/OU=CHPSID/O=TACOM,VMA-2026-000007|01
8EF1429941019F25B3EE1E5F08F8EC77,NT000218,E452F00D006B912B2EBB16A0E835E586,06/28/2026 07:47:00,06/30/2026 11:35:00,CN=Lorraine Whitcombe/OU=CHPSID/O=TACOM,,VMA-2026-000008,E452F00D006B912B2EBB16A0E835E586,"Cotswold, Patricia",1,Army Achievement Medal,AAM,Medal,1,Miniature,"""V"" device",1,No,,8455-00-382-2247,Engraving,,Permanent Orders 118-04,[TACOM];[CSR];[Admin];[ReadOnlyAudit];LocalDomainServers;CN=Oswaldo Ferreira-Lund/OU=CHPSID/O=TACOM,VMA-2026-000008|01
5C8682AF90C0A32B9A133C3AAFE93AAD,NT000219,3B8765C1D897400134EBD1BEA1AEFACD,05/21/2026 05:21:00,05/27/2026 11:05:00,CN=Ignatius Pardo/OU=CHPSID/O=TACOM,,VMA-2026-000009,3B8765C1D897400134EBD1BEA1AEFACD,"Fairweather, Ines",1,Army Service Ribbon,ASR,Ribbon,1,Ribbon Only,,0,No,,8455-00-378-9388,Engraving,,HRC Awards and Decorations Branch letter,[TACOM];[CSR];[Admin];[ReadOnlyAudit];LocalDomainServers;CN=Ignatius Pardo/OU=CHPSID/O=TACOM,VMA-2026-000009|01
AB9F58B79535E5FF43969874FA640D9A,NT000220,3B8765C1D897400134EBD1BEA1AEFACD,05/21/2026 05:10:00,05/27/2026 11:05:00,CN=Dwayne Petrakis/OU=CHPSID/O=TACOM,,VMA-2026-000009,3B8765C1D897400134EBD1BEA1AEFACD,"Fairweather, Ines",2,Army Good Conduct Medal,GCM,Medal,2,Full Size,"""V"" device",1,No,,8455-00-333-1580,Engraving,,"DD Form 214, block 13",[TACOM];[CSR];[Admin];[ReadOnlyAudit];LocalDomainServers;CN=Ret Hamlin/OU=CHPSID/O=TACOM,VMA-2026-000009|02
3095177BE4C345B17FB0D056ACC351AC,NT000221,3B8765C1D897400134EBD1BEA1AEFACD,05/21/2026 05:06:00,05/27/2026 11:05:00,CN=Ret Hamlin/OU=CHPSID/O=TACOM,,VMA-2026-000009,3B8765C1D897400134EBD1BEA1AEFACD,"Fairweather, Ines",3,Army Commendation Medal,ARCOM,Medal,1,Full Size,,0,Yes,I. Fairweather,8455-01-807-7022,In Progress,,"DD Form 214, block 24",[TACOM];[CSR];[Admin];[ReadOnlyAudit];LocalDomainServers;CN=Dwayne Petrakis/OU=CHPSID/O=TACOM,VMA-2026-000009|03
30239001C131B8418915895FB77B5A39,NT000222,7F09098857523C0DDC01E862CF27AE67,06/12/2026 08:46:00,06/24/2026 11:34:00,CN=Cletus Marchbanks/OU=CHPSID/O=TACOM,,VMA-2026-000010,7F09098857523C0DDC01E862CF27AE67,"Prentiss, Patricia",1,Afghanistan Campaign Medal,ACM-A,Medal,1,Full Size + Miniature,,0,No,,8455-01-837-3391,Picked,,"DD Form 214, block 13",[TACOM];[CSR];[Admin];[ReadOnlyAudit];LocalDomainServers;CN=Dwayne Petrakis/OU=CHPSID/O=TACOM,VMA-2026-000010|01
6E1455A673B36713B213E0EAE8DA447D,NT000223,7F09098857523C0DDC01E862CF27AE67,06/12/2026 08:49:00,06/24/2026 11:34:00,CN=Renata Vasquez-Holm/OU=CHPSID/O=TACOM,,VMA-2026-000010,7F09098857523C0DDC01E862CF27AE67,"Prentiss, Patricia",2,Army Achievement Medal,AAM,Medal,1,Full Size + Miniature,Bronze service star,2,No,,8455-00-056-2861,Picked,,Permanent Orders 118-04,[TACOM];[CSR];[Admin];[ReadOnlyAudit];LocalDomainServers;CN=Benedetta Kowalczyk/OU=CHPSID/O=TACOM,VMA-2026-000010|02
C9DA46461DB45225C3CD8606FD95B88A,NT000224,7F09098857523C0DDC01E862CF27AE67,06/12/2026 08:46:00,06/24/2026 11:34:00,CN=Ignatius Pardo/OU=CHPSID/O=TACOM,,VMA-2026-000010,7F09098857523C0DDC01E862CF27AE67,"Prentiss, Patricia",3,Purple Heart,PH,Medal,1,Full Size,,0,No,,8455-00-144-3985,Picked,,HRC Awards and Decorations Branch letter,[TACOM];[CSR];[Admin];[ReadOnlyAudit];LocalDomainServers;CN=Ret Hamlin/OU=CHPSID/O=TACOM,VMA-2026-000010|03
C282504079CDE6EA3468B725B6D00C80,NT000225,7F09098857523C0DDC01E862CF27AE67,06/12/2026 09:03:00,06/24/2026 11:34:00,CN=Ret Hamlin/OU=CHPSID/O=TACOM,,VMA-2026-000010,7F09098857523C0DDC01E862CF27AE67,"Prentiss, Patricia",4,Iraq Campaign Medal,ICM,Medal,1,Full Size,,0,No,,8455-00-527-6779,Assembly,,"DD Form 214, block 24",[TACOM];[CSR];[Admin];[ReadOnlyAudit];LocalDomainServers;CN=Yolanda Strickland-Oby/OU=CHPSID/O=TACOM,VMA-2026-000010|04
2E449D0DDEF30925A4526F1156EABCCE,NT000226,7F09098857523C0DDC01E862CF27AE67,06/12/2026 08:47:00,06/24/2026 11:34:00,CN=Benedetta Kowalczyk/OU=CHPSID/O=TACOM,,VMA-2026-000010,7F09098857523C0DDC01E862CF27AE67,"Prentiss, Patricia",5,Global War on Terrorism Service Medal,GWOTSM,Medal,1,Full Size,,0,No,,8455-01-170-9847,Picked,,Permanent Orders 118-04,[TACOM];[CSR];[Admin];[ReadOnlyAudit];LocalDomainServers;CN=Dwayne Petrakis/OU=CHPSID/O=TACOM,VMA-2026-000010|05
3EBDC72E8A5D5ED0DBFB21073D2EF454,NT000227,7BD1324CC441A1DBAA585671E859C332,06/21/2026 03:40:00,07/03/2026 10:39:00,CN=Yolanda Strickland-Oby/OU=CHPSID/O=TACOM,,VMA-2026-000011,7BD1324CC441A1DBAA585671E859C332,"Underhill-Voss, Charles",1,Army Achievement Medal,AAM,Medal,1,Full Size,,0,Yes,C. A. UNDERHILL-VOSS,8455-00-014-8975,Assembly,,HRC Awards and Decorations Branch letter,[TACOM];[CSR];[Admin];[ReadOnlyAudit];LocalDomainServers;CN=Ignatius Pardo/OU=CHPSID/O=TACOM,VMA-2026-000011|01
7B31D6ECC0AD12815F84233210F1CE6E,NT000228,52C12AAE2C8DD61B3050BC0C37F44F35,06/13/2026 03:42:00,06/19/2026 08:27:00,CN=Renata Vasquez-Holm/OU=CHPSID/O=TACOM,,VMA-2026-000012,52C12AAE2C8DD61B3050BC0C37F44F35,"Kirkbride, Rosalind",1,Southwest Asia Service Medal,SWASM,Medal,1,Ribbon Only,,0,No,,8455-00-558-7899,Assembly,,Permanent Orders 118-04,[TACOM];[CSR];[Admin];[ReadOnlyAudit];LocalDomainServers;CN=Ret Hamlin/OU=CHPSID/O=TACOM,VMA-2026-000012|01
EEBC2939FE0EF50727AAE66196413D2A,NT000229,52C12AAE2C8DD61B3050BC0C37F44F35,06/13/2026 03:29:00,06/19/2026 08:27:00,CN=Dwayne Petrakis/OU=CHPSID/O=TACOM,,VMA-2026-000012,52C12AAE2C8DD61B3050BC0C37F44F35,"Kirkbride, Rosalind",2,Army Service Ribbon,ASR,Ribbon,1,Ribbon Only,Arrowhead,1,No,,8455-00-987-7353,Picked,,Permanent Orders 118-04,[TACOM];[CSR];[Admin];[ReadOnlyAudit];LocalDomainServers;CN=Oswaldo Ferreira-Lund/OU=CHPSID/O=TACOM,VMA-2026-000012|02
68D75FCE000497EEE29064B4E269630E,NT000230,B821CC814D35A2931EE14A344A7ECD23,08/03/2026 07:18:00,08/21/2026 09:48:00,CN=Oswaldo Ferreira-Lund/OU=CHPSID/O=TACOM,,VMA-2026-000013,B821CC814D35A2931EE14A344A7ECD23,"Fairweather, Darnell",1,Bronze Star Medal,BSM,Medal,1,Full Size + Miniature,Arrowhead,1,Yes,D. H. FAIRWEATHER,8455-01-237-3958,Assembly,,"DD Form 214, block 13",[TACOM];[CSR];[Admin];[ReadOnlyAudit];LocalDomainServers;CN=Ret Hamlin/OU=CHPSID/O=TACOM,VMA-2026-000013|01
FF90FC489EF9E4ECAEBCFCA9CE7568D5,NT000231,B821CC814D35A2931EE14A344A7ECD23,08/03/2026 07:18:00,08/21/2026 09:48:00,CN=Lorraine Whitcombe/OU=CHPSID/O=TACOM,,VMA-2026-000013,B821CC814D35A2931EE14A344A7ECD23,"Fairweather, Darnell",2,Parachutist Badge,PB,Badge,1,Miniature,,0,No,,8455-00-456-6845,Assembly,,HRC Awards and Decorations Branch letter,[TACOM];[CSR];[Admin];[ReadOnlyAudit];LocalDomainServers;CN=Yolanda Strickland-Oby/OU=CHPSID/O=TACOM,VMA-2026-000013|02
5C522D86D05B8C0FE34502039B13BBED,NT000232,B821CC814D35A2931EE14A344A7ECD23,08/03/2026 07:01:00,08/21/2026 09:48:00,CN=Ret Hamlin/OU=CHPSID/O=TACOM,,VMA-2026-000013,B821CC814D35A2931EE14A344A7ECD23,"Fairweather, Darnell",3,National Defense Service Medal,NDSM,Medal,1,Miniature,,0,Yes,D. H. FAIRWEATHER,8455-01-306-6571,Picked,,"DD Form 214, block 13",[TACOM];[CSR];[Admin];[ReadOnlyAudit];LocalDomainServers;CN=Yolanda Strickland-Oby/OU=CHPSID/O=TACOM,VMA-2026-000013|03
5EDA7893997181AC0DBC459607EAA4AA,NT000233,D5FA3C49788703F03950EFE755BDA967,07/10/2026 00:23:00,07/28/2026 11:54:00,CN=Ignatius Pardo/OU=CHPSID/O=TACOM,,VMA-2026-000014,D5FA3C49788703F03950EFE755BDA967,"Prentiss, Eugene",1,Bronze Star Medal,BSM,Medal,1,Miniature,Bronze service star,2,No,,8455-00-766-1084,Picked,,HRC Awards and Decorations Branch letter,[TACOM];[CSR];[Admin];[ReadOnlyAudit];LocalDomainServers;CN=Ret Hamlin/OU=CHPSID/O=TACOM,VMA-2026-000014|01
3456ED64C1A1C746F23A528711259443,NT000234,D5FA3C49788703F03950EFE755BDA967,07/10/2026 00:15:00,07/28/2026 11:54:00,CN=Ret Hamlin/OU=CHPSID/O=TACOM,,VMA-2026-000014,D5FA3C49788703F03950EFE755BDA967,"Prentiss, Eugene",2,American Defense Service Medal,ADSM,Medal,1,Full Size + Miniature,Arrowhead,1,No,,8455-00-184-0820,Picked,,HRC Awards and Decorations Branch letter,[TACOM];[CSR];[Admin];[ReadOnlyAudit];LocalDomainServers;CN=Renata Vasquez-Holm/OU=CHPSID/O=TACOM,VMA-2026-000014|02
C1D1705272F684E221AB5037A58274C1,NT000235,D5FA3C49788703F03950EFE755BDA967,07/10/2026 00:24:00,07/28/2026 11:54:00,CN=Yolanda Strickland-Oby/OU=CHPSID/O=TACOM,,VMA-2026-000014,D5FA3C49788703F03950EFE755BDA967,"Prentiss, Eugene",3,Combat Infantryman Badge,CIB,Badge,1,Full Size,Bronze oak leaf cluster,1,No,,8455-01-082-3829,Picked,,NA Form 13038,[TACOM];[CSR];[Admin];[ReadOnlyAudit];LocalDomainServers;CN=Lorraine Whitcombe/OU=CHPSID/O=TACOM,VMA-2026-000014|03
74EF1AF46A1C777B0636583DB1BC2097,NT000236,643D4DC63020927D486A37A855D130EC,06/10/2026 22:20:00,06/27/2026 08:09:00,CN=Oswaldo Ferreira-Lund/OU=CHPSID/O=TACOM,,VMA-2026-000015,643D4DC63020927D486A37A855D130EC,"Nordstrom, Clarence",1,Army Reserve Components Achievement Medal,ARCAM,Medal,1,Miniature,Bronze oak leaf cluster,1,Yes,C. NORDSTROM,8455-01-123-5926,Picked,,HRC Awards and Decorations Branch letter,[TACOM];[CSR];[Admin];[ReadOnlyAudit];LocalDomainServers;CN=Ignatius Pardo/OU=CHPSID/O=TACOM,VMA-2026-000015|01
489660080FE2B0E437CCF1E1172615C0,NT000237,921EF29B076C7852B3CDBD7B5C730FC4,07/22/2026 02:30:00,08/13/2026 08:12:00,CN=Oswaldo Ferreira-Lund/OU=CHPSID/O=TACOM,,VMA-2026-000016,921EF29B076C7852B3CDBD7B5C730FC4,"Marchetti, Lamont",1,Parachutist Badge,PB,Badge,1,Full Size,Bronze oak leaf cluster,1,No,,8455-00-517-8379,Picked,,NA Form 13038,[TACOM];[CSR];[Admin];[ReadOnlyAudit];LocalDomainServers;CN=Lorraine Whitcombe/OU=CHPSID/O=TACOM,VMA-2026-000016|01
302AEA5457E53F612936285261B6822F,NT000238,4CD0213A2A9629168D66932FF201356D,06/17/2026 16:33:00,07/05/2026 10:07:00,CN=Benedetta Kowalczyk/OU=CHPSID/O=TACOM,,VMA-2026-000017,4CD0213A2A9629168D66932FF201356D,"Pettiford, Harold",1,National Defense Service Medal,NDSM,Medal,1,Full Size,Bronze service star,2,No,,8455-01-662-4983,Shipped,,HRC Awards and Decorations Branch letter,[TACOM];[CSR];[Admin];[ReadOnlyAudit];LocalDomainServers;CN=Yolanda Strickland-Oby/OU=CHPSID/O=TACOM,VMA-2026-000017|01
381A0CA5226777A14328B5215CE52100,NT000239,4CD0213A2A9629168D66932FF201356D,06/17/2026 16:32:00,07/05/2026 10:07:00,CN=Cletus Marchbanks/OU=CHPSID/O=TACOM,,VMA-2026-000017,4CD0213A2A9629168D66932FF201356D,"Pettiford, Harold",2,Republic of Vietnam Gallantry Cross Unit Citation,RVNGC,Unit Award,1,Miniature,,0,No,,8455-01-684-7944,Shipped,,Permanent Orders 118-04,[TACOM];[CSR];[Admin];[ReadOnlyAudit];LocalDomainServers;CN=Dwayne Petrakis/OU=CHPSID/O=TACOM,VMA-2026-000017|02
6C6246EEEB943AB3BAB4DE31B05B578A,NT000240,4CD0213A2A9629168D66932FF201356D,06/17/2026 16:13:00,07/05/2026 10:07:00,CN=Yolanda Strickland-Oby/OU=CHPSID/O=TACOM,,VMA-2026-000017,4CD0213A2A9629168D66932FF201356D,"Pettiford, Harold",3,Combat Medical Badge,CMB,Badge,1,Full Size,,0,No,,8455-00-032-6676,Shipped,,HRC Awards and Decorations Branch letter,[TACOM];[CSR];[Admin];[ReadOnlyAudit];LocalDomainServers;CN=Ignatius Pardo/OU=CHPSID/O=TACOM,VMA-2026-000017|03
17290816F8D8653DFF1BA899E9F250DE,NT000241,D0767281765E535C2DFF594787C97B8F,03/25/2026 21:14:00,04/14/2026 11:45:00,CN=Cletus Marchbanks/OU=CHPSID/O=TACOM,,VMA-2026-000018,D0767281765E535C2DFF594787C97B8F,"Quintanilla, Betty",1,Army Reserve Components Achievement Medal,ARCAM,Medal,1,Full Size,,0,Yes,B. QUINTANILLA,8455-01-415-6932,Shipped,,"DD Form 214, block 24",[TACOM];[CSR];[Admin];[ReadOnlyAudit];LocalDomainServers;CN=Lorraine Whitcombe/OU=CHPSID/O=TACOM,VMA-2026-000018|01
4C2660E5E61237AE4E3998C62BB0059C,NT000242,D0767281765E535C2DFF594787C97B8F,03/25/2026 20:51:00,04/14/2026 11:45:00,CN=Ignatius Pardo/OU=CHPSID/O=TACOM,,VMA-2026-000018,D0767281765E535C2DFF594787C97B8F,"Quintanilla, Betty",2,Parachutist Badge,PB,Badge,1,Ribbon Only,Bronze service star,2,No,,8455-01-670-1308,Shipped,,WD AGO Form 53-55,[TACOM];[CSR];[Admin];[ReadOnlyAudit];LocalDomainServers;CN=Cletus Marchbanks/OU=CHPSID/O=TACOM,VMA-2026-000018|02
4F7F8502173F3D7C326D24F4818FD64D,NT000243,A568E8F8F9F59DF70C2BC9DFF7134FAF,06/01/2026 18:05:00,06/21/2026 10:41:00,CN=Ret Hamlin/OU=CHPSID/O=TACOM,,VMA-2026-000019,A568E8F8F9F59DF70C2BC9DFF7134FAF,"Kettering, Vernon",1,Southwest Asia Service Medal,SWASM,Medal,1,Miniature,Bronze oak leaf cluster,1,No,,8455-00-266-6316,Shipped,,"DD Form 214, block 13",[TACOM];[CSR];[Admin];[ReadOnlyAudit];LocalDomainServers;CN=Cletus Marchbanks/OU=CHPSID/O=TACOM,VMA-2026-000019|01
E5996DBBA448CE3AB44BC62D43FC3D1E,NT000244,A568E8F8F9F59DF70C2BC9DFF7134FAF,06/01/2026 17:53:00,06/21/2026 10:41:00,CN=Yolanda Strickland-Oby/OU=CHPSID/O=TACOM,,VMA-2026-000019,A568E8F8F9F59DF70C2BC9DFF7134FAF,"Kettering, Vernon",2,Overseas Service Ribbon,OSR,Ribbon,1,Full Size,,0,No,,8455-00-494-5884,Shipped,,"DD Form 214, block 24",[TACOM];[CSR];[Admin];[ReadOnlyAudit];LocalDomainServers;CN=Dwayne Petrakis/OU=CHPSID/O=TACOM,VMA-2026-000019|02
5AB7AB80AE253F2F54857FF34A4A9D07,NT000245,A568E8F8F9F59DF70C2BC9DFF7134FAF,06/01/2026 18:04:00,06/21/2026 10:41:00,CN=Benedetta Kowalczyk/OU=CHPSID/O=TACOM,,VMA-2026-000019,A568E8F8F9F59DF70C2BC9DFF7134FAF,"Kettering, Vernon",3,Armed Forces Expeditionary Medal,AFEM,Medal,1,Full Size,,0,No,,8455-00-177-3233,Shipped,,Permanent Orders 118-04,[TACOM];[CSR];[Admin];[ReadOnlyAudit];LocalDomainServers;CN=Lorraine Whitcombe/OU=CHPSID/O=TACOM,VMA-2026-000019|03
27EC0BB296770492C70C46B073D07E13,NT000246,1CE295C36C17E043BE037FB3E095D686,05/22/2026 21:10:00,06/11/2026 08:06:00,CN=Cletus Marchbanks/OU=CHPSID/O=TACOM,,VMA-2026-000020,1CE295C36C17E043BE037FB3E095D686,"Ybarra, Gloria",1,Military Outstanding Volunteer Service Medal,MOVSM,Medal,1,Full Size,,0,No,,8455-00-901-4400,Shipped,,"DD Form 214, block 24",[TACOM];[CSR];[Admin];[ReadOnlyAudit];LocalDomainServers;CN=Ret Hamlin/OU=CHPSID/O=TACOM,VMA-2026-000020|01
1172353B22562C69D4101C405DEC59D4,NT000247,1CE295C36C17E043BE037FB3E095D686,05/22/2026 21:08:00,06/11/2026 08:06:00,CN=Lorraine Whitcombe/OU=CHPSID/O=TACOM,,VMA-2026-000020,1CE295C36C17E043BE037FB3E095D686,"Ybarra, Gloria",2,Global War on Terrorism Expeditionary Medal,GWOTEM,Medal,1,Full Size,"""V"" device",1,No,,8455-01-183-2616,Shipped,,WD AGO Form 53-55,[TACOM];[CSR];[Admin];[ReadOnlyAudit];LocalDomainServers;CN=Lorraine Whitcombe/OU=CHPSID/O=TACOM,VMA-2026-000020|02
8C5A9501F5F8509E43F8C7DA643FE434,NT000248,5688967A719626DF7B4CD4ACEB99A647,07/02/2026 03:14:00,07/22/2026 12:00:00,CN=Yolanda Strickland-Oby/OU=CHPSID/O=TACOM,,VMA-2026-000021,5688967A719626DF7B4CD4ACEB99A647,"Pettiford, Cassandra",1,Armed Forces Reserve Medal,AFRM,Medal,1,Full Size,Arrowhead,1,No,,8455-00-010-0494,In Progress,,"DD Form 214, block 13",[TACOM];[CSR];[Admin];[ReadOnlyAudit];LocalDomainServers;CN=Yolanda Strickland-Oby/OU=CHPSID/O=TACOM,VMA-2026-000021|01
A45BB28E69D81AED5ED830359012D460,NT000249,5688967A719626DF7B4CD4ACEB99A647,07/02/2026 03:25:00,07/22/2026 12:00:00,CN=Lorraine Whitcombe/OU=CHPSID/O=TACOM,,VMA-2026-000021,5688967A719626DF7B4CD4ACEB99A647,"Pettiford, Cassandra",2,Army of Occupation Medal,AOM,Medal,1,Full Size + Miniature,,0,No,,8455-00-757-4517,In Progress,,HRC Awards and Decorations Branch letter,[TACOM];[CSR];[Admin];[ReadOnlyAudit];LocalDomainServers;CN=Cletus Marchbanks/OU=CHPSID/O=TACOM,VMA-2026-000021|02
57091B45669FD8ADE759A35E6E7234F2,NT000250,5688967A719626DF7B4CD4ACEB99A647,07/02/2026 03:16:00,07/22/2026 12:00:00,CN=Benedetta Kowalczyk/OU=CHPSID/O=TACOM,,VMA-2026-000021,5688967A719626DF7B4CD4ACEB99A647,"Pettiford, Cassandra",3,NCO Professional Development Ribbon,NCOPDR,Ribbon,1,Full Size,,0,No,,8455-00-161-4603,In Progress,,Permanent Orders 118-04,[TACOM];[CSR];[Admin];[ReadOnlyAudit];LocalDomainServers;CN=Oswaldo Ferreira-Lund/OU=CHPSID/O=TACOM,VMA-2026-000021|03
5EBCA4BCCDD9733B901DEED2FEEF6FD4,NT000251,5688967A719626DF7B4CD4ACEB99A647,07/02/2026 03:23:00,07/22/2026 12:00:00,CN=Cletus Marchbanks/OU=CHPSID/O=TACOM,,VMA-2026-000021,5688967A719626DF7B4CD4ACEB99A647,"Pettiford, Cassandra",4,Parachutist Badge,PB,Badge,1,Full Size,Bronze service star,2,No,,8455-00-940-4616,In Progress,,WD AGO Form 53-55,[TACOM];[CSR];[Admin];[ReadOnlyAudit];LocalDomainServers;CN=Lorraine Whitcombe/OU=CHPSID/O=TACOM,VMA-2026-000021|04
5192011797F3035A3C5F7BCFA9CC0F5C,NT000252,5688967A719626DF7B4CD4ACEB99A647,07/02/2026 03:05:00,07/22/2026 12:00:00,CN=Ret Hamlin/OU=CHPSID/O=TACOM,,VMA-2026-000021,5688967A719626DF7B4CD4ACEB99A647,"Pettiford, Cassandra",5,Humanitarian Service Medal,HSM,Medal,1,Ribbon Only,,0,No,,8455-00-036-9969,In Progress,,"DD Form 214, block 13",[TACOM];[CSR];[Admin];[ReadOnlyAudit];LocalDomainServers;CN=Yolanda Strickland-Oby/OU=CHPSID/O=TACOM,VMA-2026-000021|05
E059DF63D93C5732197F9ABD80CD5C33,NT000253,E2D6DAE06FCFC0BAF03D023D471F3948,05/21/2026 00:33:00,06/05/2026 11:03:00,CN=Renata Vasquez-Holm/OU=CHPSID/O=TACOM,,VMA-2026-000022,E2D6DAE06FCFC0BAF03D023D471F3948,"Nordstrom, Marcus",1,Army Good Conduct Medal,GCM,Medal,1,Full Size,Arrowhead,1,Yes,M. N. NORDSTROM,8455-00-298-8620,In Progress,,HRC Awards and Decorations Branch letter,[TACOM];[CSR];[Admin];[ReadOnlyAudit];LocalDomainServers;CN=Cletus Marchbanks/OU=CHPSID/O=TACOM,VMA-2026-000022|01
403B6A52E23AEE7C67734DBF46C9205C,NT000254,E2D6DAE06FCFC0BAF03D023D471F3948,05/21/2026 00:20:00,06/05/2026 11:03:00,CN=Yolanda Strickland-Oby/OU=CHPSID/O=TACOM,,VMA-2026-000022,E2D6DAE06FCFC0BAF03D023D471F3948,"Nordstrom, Marcus",2,NCO Professional Development Ribbon,NCOPDR,Ribbon,1,Miniature,"""V"" device",1,No,,8455-00-220-0903,In Progress,,"DD Form 214, block 13",[TACOM];[CSR];[Admin];[ReadOnlyAudit];LocalDomainServers;CN=Dwayne Petrakis/OU=CHPSID/O=TACOM,VMA-2026-000022|02
680FC51488031A0F9CAB482D7BF42823,NT000255,E2D6DAE06FCFC0BAF03D023D471F3948,05/21/2026 00:18:00,06/05/2026 11:03:00,CN=Dwayne Petrakis/OU=CHPSID/O=TACOM,,VMA-2026-000022,E2D6DAE06FCFC0BAF03D023D471F3948,"Nordstrom, Marcus",3,Parachutist Badge,PB,Badge,1,Full Size + Miniature,Bronze oak leaf cluster,1,No,,8455-01-934-2954,In Progress,,NA Form 13038,[TACOM];[CSR];[Admin];[ReadOnlyAudit];LocalDomainServers;CN=Ret Hamlin/OU=CHPSID/O=TACOM,VMA-2026-000022|03
59043C0D3FCAD22BD25A0CD343BBBB86,NT000256,0AA8D7317E5F8935618262D3AABF4D39,07/21/2026 02:04:00,08/10/2026 11:58:00,CN=Cletus Marchbanks/OU=CHPSID/O=TACOM,,VMA-2026-000023,0AA8D7317E5F8935618262D3AABF4D39,"Galloway, Darnell",1,Combat Medical Badge,CMB,Badge,1,Full Size,Arrowhead,1,No,,8455-01-381-5907,In Progress,,NA Form 13038,[TACOM];[CSR];[Admin];[ReadOnlyAudit];LocalDomainServers;CN=Ignatius Pardo/OU=CHPSID/O=TACOM,VMA-2026-000023|01
51AC2AE4B64F5439F61AF2DE74CA5132,NT000257,F635D98F8A39C668F07A1B1CE86A9375,10/25/2024 10:38:03,11/21/2024 21:29:03,CN=Renata Vasquez-Holm/OU=CHPSID/O=TACOM,,VMA-2024-000001,F635D98F8A39C668F07A1B1CE86A9375,"Abernathy, Margaret",1,Republic of Korea War Service Medal,ROKWSM,Medal,1,Full Size,,0,Yes,M. F. ABERNATHY,8455-00-714-3499,Closed,,"DD Form 214, block 24",[TACOM];[CSR];[Admin];[ReadOnlyAudit];LocalDomainServers;CN=Lorraine Whitcombe/OU=CHPSID/O=TACOM,VMA-2024-000001|01
C35544074955EFBEE16B32966FAEE65B,NT000258,BFF560B2A36A5EF7F9962BF3BC48A90B,05/24/2015 09:04:38,06/25/2015 21:38:38,CN=Ret Hamlin/OU=CHPSID/O=TACOM,,VMA-2011-000400,BFF560B2A36A5EF7F9962BF3BC48A90B,"Kettering, Theresa",1,NCO Professional Development Ribbon,NCOPDR,Ribbon,2,Full Size + Miniature,,0,No,,8455-00-763-6651,Shipped,,"DD Form 214, block 24",[TACOM];[CSR];[Admin];[ReadOnlyAudit];LocalDomainServers;CN=Lorraine Whitcombe/OU=CHPSID/O=TACOM,VMA-2011-000400|01
D80761083735596F12386D76EDC3A0C7,NT000259,F3FE05A00EE20853FB5DE48F5B813F1A,08/28/2012 17:10:06,09/29/2012 06:52:06,CN=Lorraine Whitcombe/OU=CHPSID/O=TACOM,,VMA-2014-000407,F3FE05A00EE20853FB5DE48F5B813F1A,"Prentiss, Jeffrey",1,Honorable Service Lapel Button,HSLB,Lapel Button,1,Full Size + Miniature,"""V"" device",1,No,,8455-00-928-7735,Shipped,,"DD Form 214, block 13",[TACOM];[CSR];[Admin];[ReadOnlyAudit];LocalDomainServers;CN=Oswaldo Ferreira-Lund/OU=CHPSID/O=TACOM,VMA-2014-000407|01
98B78BED1EE0D80EF43E4A3B603A784B,NT000260,ECADD7C12B9ADDE3AC4AC6493A7B9438,10/25/2024 10:51:03,11/21/2024 21:29:03,CN=Renata Vasquez-Holm/OU=CHPSID/O=TACOM,,VMA-2018-000414,ECADD7C12B9ADDE3AC4AC6493A7B9438,"Galloway, Roderick",1,Combat Medical Badge,CMB,Badge,1,Full Size,"""V"" device",1,No,,8455-01-404-7740,Shipped,,Permanent Orders 118-04,[TACOM];[CSR];[Admin];[ReadOnlyAudit];LocalDomainServers;CN=Ignatius Pardo/OU=CHPSID/O=TACOM,VMA-2018-000414|01
